Player,G,MP,TRB,AST,STL,BLK,TOV,PTS,FantasyPoints,PPM,FPPM,Suggested_FantasyPoints,Suggested_FantasyPoints_Rank
Aaron Gordon,11.7,32.5,6.2,2.4,0.5,0.7,1.3,12.7,26.1,0.39076923076923076,0.8030769230769231,26.063525262994162,80
Aaron Holiday,3.7,8.4,0.6,1.7,0.5,0.1,0.7,3.8,8.0,0.45238095238095233,0.9523809523809523,8.167263373468574,269
Aaron Nesmith,10.0,9.2,1.8,0.2,0.2,0.2,0.2,2.0,5.4,0.2173913043478261,0.5869565217391305,5.457326156865948,312
Abdel Nader,4.0,7.0,1.0,0.0,0.2,0.4,0.0,1.0,3.8,0.14285714285714285,0.5428571428571428,4.005676802676276,346
Al Horford,15.7,32.9,7.9,2.9,0.7,1.4,0.9,8.6,28.0,0.2613981762917933,0.851063829787234,27.841190444736768,72
Alec Burks,4.5,24.7,4.4,2.2,0.2,0.4,0.8,12.2,22.0,0.4939271255060729,0.8906882591093118,21.81800467711848,114
Alex Caruso,10.3,24.3,2.1,2.5,0.9,0.8,1.0,6.2,16.5,0.2551440329218107,0.6790123456790124,16.566633862533465,158
Alex Len,6.0,8.0,2.6,0.2,0.1,0.2,0.6,3.4,7.1,0.425,0.8875,7.122997346468138,288
Alfonzo McKinnie,2.0,6.0,0.5,0.0,0.0,0.0,0.0,0.0,0.6,0.0,0.09999999999999999,0.6081823925645803,443
Alize Johnson,3.0,2.3,1.3,0.0,0.3,0.0,0.3,0.8,3.0,0.3478260869565218,1.3043478260869565,2.967948758356986,380
Amir Coffey,4.7,1.6,0.1,0.5,0.1,0.0,0.0,0.5,1.6,0.3125,1.0,1.678461152072239,420
Andre Drummond,4.5,18.0,7.0,0.4,1.0,0.7,1.8,6.4,18.8,0.35555555555555557,1.0444444444444445,18.682081893159456,142
Andre Iguodala,10.7,15.3,2.2,1.5,0.6,0.5,0.9,3.1,10.3,0.20261437908496732,0.673202614379085,10.380576797951697,242
Andre Roberson,1.0,3.0,0.0,0.0,0.0,0.0,0.0,0.0,0.0,0.0,0.0,0.002209868188625164,449
Andrew Wiggins,17.5,34.4,6.6,1.8,0.9,1.1,1.4,16.6,31.9,0.4825581395348838,0.9273255813953488,31.82345894967061,54
Anfernee Simons,5.0,19.2,2.8,1.6,0.9,0.1,0.6,6.6,14.8,0.34375,0.7708333333333334,14.758501205319172,183
Anthony Davis,14.0,34.5,10.1,2.9,1.1,2.0,1.9,22.6,46.4,0.655072463768116,1.344927536231884,46.47572446610291,12
Anthony Edwards,5.5,38.8,4.6,4.1,1.5,1.6,2.0,28.4,47.3,0.731958762886598,1.2190721649484537,47.3911536033384,10
Anthony Gill,4.0,8.3,1.0,0.0,0.0,0.0,0.8,0.0,0.4,0.0,0.048192771084337345,0.40002029524470334,447
Anthony Lamb,6.0,5.2,1.0,0.0,0.2,0.2,0.3,0.8,2.9,0.15384615384615385,0.5576923076923077,2.89728154922907,381
Anthony Tolliver,1.0,2.0,0.0,0.0,0.0,0.0,0.0,0.0,0.0,0.0,0.0,0.0005409538924526116,452
Antonius Cleveland,2.0,4.5,0.5,0.0,0.5,0.0,0.0,2.0,4.1,0.4444444444444444,0.911111111111111,4.093048136395336,344
Armoni Brooks,4.0,2.0,0.5,0.0,0.0,0.0,0.0,0.0,0.6,0.0,0.3,0.6048201433663326,444
Austin Reaves,16.0,36.2,4.4,4.6,0.6,0.2,1.6,16.9,29.9,0.4668508287292817,0.8259668508287292,29.90737203561749,62
Austin Rivers,7.8,20.3,1.5,1.2,0.6,0.2,0.7,5.2,10.5,0.2561576354679803,0.5172413793103449,10.501981220208565,238
Axel Toupane,4.0,2.5,1.0,0.0,0.0,0.0,0.0,1.3,2.5,0.52,1.0,2.50405923720356,398
Ayo Dosunmu,5.0,17.2,2.6,2.2,0.2,0.0,0.6,4.0,10.4,0.23255813953488372,0.6046511627906977,10.440955447989959,240
B.J. Johnson,1.0,4.0,2.0,0.0,0.0,0.0,0.0,3.0,5.4,0.75,1.35,5.412553225747809,314
Bam Adebayo,16.0,35.3,9.4,3.8,1.0,0.7,2.5,16.5,36.1,0.4674220963172805,1.0226628895184138,36.0786084481269,40
Ben McLemore,7.5,10.4,1.4,0.4,0.4,0.0,0.3,2.8,5.8,0.2692307692307692,0.5576923076923077,5.9735999912754,304
Ben Simmons,12.0,33.5,7.9,8.8,1.3,0.8,2.3,11.9,38.6,0.35522388059701493,1.1522388059701494,38.584089877518736,33
Bismack Biyombo,8.5,9.7,2.8,0.7,0.0,0.8,0.8,3.1,9.1,0.3195876288659794,0.9381443298969072,9.119497991556363,258
Blake Griffin,5.0,15.0,3.3,1.3,0.4,0.3,0.3,4.3,12.2,0.2866666666666667,0.8133333333333332,12.022943188547707,212
Boban Marjanović,4.3,12.2,4.9,0.6,0.1,0.2,0.7,6.6,13.6,0.5409836065573771,1.1147540983606559,13.595916931332907,196
Bobby Portis,12.3,21.5,7.7,0.9,0.6,0.4,0.9,9.7,22.2,0.4511627906976744,1.0325581395348837,22.389623971637597,106
Bogdan Bogdanović,9.3,28.7,4.0,2.8,1.0,0.5,1.0,13.9,26.2,0.4843205574912892,0.9128919860627178,26.40834515808583,78
Bojan Bogdanović,8.5,35.6,4.2,1.6,0.6,0.0,2.0,18.0,25.3,0.5056179775280899,0.7106741573033708,25.266983572121525,84
Bol Bol,3.5,3.6,0.8,0.4,0.2,0.2,0.2,2.4,5.1,0.6666666666666666,1.4166666666666665,4.96535520240124,323
Bones Hyland,5.0,16.9,1.4,2.0,0.5,0.1,1.0,8.9,14.4,0.5266272189349113,0.8520710059171599,14.38726584730484,190
Brad Wanamaker,17.0,16.1,2.0,1.8,0.7,0.2,1.1,4.9,11.6,0.30434782608695654,0.7204968944099378,11.577211950442814,221
Bradley Beal,5.0,39.0,6.2,4.2,0.8,0.6,4.0,30.0,43.9,0.7692307692307693,1.1256410256410256,43.97261366174515,21
Brandon Boston Jr.,1.0,1.0,0.0,0.0,0.0,0.0,1.0,0.0,-1.0,0.0,-1.0,-1.0415908004250685,460
Brandon Clarke,7.0,14.6,3.7,1.0,0.4,0.6,0.5,6.6,15.2,0.4520547945205479,1.0410958904109588,15.048377551166945,173
Brandon Ingram,6.0,39.3,6.2,6.2,0.7,0.3,3.8,27.0,42.9,0.6870229007633588,1.0916030534351147,42.979623461368135,23
Brook Lopez,12.5,31.5,5.9,0.7,0.9,1.5,1.4,14.6,28.6,0.46349206349206346,0.9079365079365079,28.531816063118598,66
Bruce Brown,12.0,28.1,4.6,2.3,1.0,0.6,1.5,11.3,23.6,0.40213523131672596,0.8398576512455516,23.56479823116178,96
Bruno Caboclo,2.0,3.5,1.5,0.0,0.5,0.0,0.0,1.0,4.3,0.2857142857142857,1.2285714285714284,4.306544633839914,338
Bruno Fernando,6.0,2.0,0.2,0.0,0.0,0.0,0.0,1.0,1.2,0.5,0.6,1.2287427740619048,425
Bryn Forbes,12.5,14.4,1.0,0.8,0.2,0.0,0.4,5.3,8.0,0.3680555555555555,0.5555555555555556,7.899714699168649,277
CJ Elleby,2.0,4.0,1.5,0.5,0.0,0.0,0.5,0.0,2.0,0.0,0.5,2.063183389906358,410
CJ McCollum,5.7,39.4,6.2,4.1,0.7,0.6,2.5,22.0,37.2,0.5583756345177665,0.9441624365482234,37.03040228418001,39
Caleb Martin,20.0,21.2,3.8,1.0,0.8,0.2,0.8,8.6,16.8,0.4056603773584906,0.7924528301886793,16.83861095471432,154
Cam Reddish,4.0,23.0,3.5,1.8,1.5,0.5,1.3,12.8,24.4,0.5565217391304348,1.0608695652173912,24.383291517140485,90
Cam Thomas,1.5,4.0,0.2,0.2,0.0,0.0,0.2,1.5,1.9,0.375,0.475,1.8407647653138104,415
Cameron Johnson,12.7,27.9,4.1,1.7,0.7,0.2,1.0,12.5,21.7,0.44802867383512546,0.7777777777777778,21.67787861176319,117
Cameron Payne,14.0,18.0,2.0,2.7,0.6,0.3,1.1,7.2,15.2,0.4,0.8444444444444444,15.243167309712517,168
Caris LeVert,4.5,34.5,5.3,6.0,0.8,0.2,2.2,17.6,34.2,0.510144927536232,0.991304347826087,33.79515255040167,45
Carmelo Anthony,5.5,29.5,4.1,1.8,0.6,0.3,1.9,13.8,22.2,0.46779661016949153,0.752542372881356,22.23875583923688,107
Carsen Edwards,1.5,2.8,0.8,0.0,0.0,0.0,0.0,1.2,2.2,0.4285714285714286,0.7857142857142858,2.166191162962779,405
Cassius Winston,1.0,5.0,2.0,1.0,0.0,0.0,2.0,2.0,3.9,0.4,0.78,3.896892708278915,349
Cedi Osman,5.0,18.6,3.0,1.0,0.4,0.2,1.0,6.0,11.9,0.3225806451612903,0.6397849462365591,11.908715903193382,216
Chandler Hutchison,2.0,9.0,1.5,0.5,0.0,0.0,0.5,3.0,5.0,0.3333333333333333,0.5555555555555556,5.061538342090083,321
Charles Bassey,3.0,4.0,1.7,0.3,0.0,0.3,0.0,0.7,4.1,0.175,1.025,4.113667530395356,343
Chimezie Metu,3.0,2.0,0.3,0.0,0.0,0.0,0.3,0.7,0.8,0.35,0.4,0.7513580397648173,438
Chris Boucher,6.5,13.9,3.8,0.2,0.1,0.8,0.2,6.1,13.2,0.4388489208633093,0.9496402877697842,13.477408300106234,197
Chris Chiozza,5.0,9.8,0.8,2.2,0.8,0.0,0.5,3.3,9.4,0.33673469387755095,0.9591836734693877,9.453056180787627,252
Chris Clemons,2.0,4.0,1.0,0.0,0.0,0.0,0.0,3.5,4.7,0.875,1.175,4.701311136170246,327
Chris Paul,11.8,35.4,5.0,7.4,1.5,0.4,2.2,17.6,38.1,0.49717514124293793,1.076271186440678,38.202485915646314,34
Christian Braun,19.0,13.0,2.1,0.6,0.6,0.2,0.5,3.2,8.5,0.24615384615384617,0.6538461538461539,8.493755413930241,265
Clint Capela,8.7,25.6,9.0,0.5,0.7,0.7,0.7,6.8,21.9,0.265625,0.8554687499999999,21.855404015807622,113
Coby White,5.0,19.6,3.4,1.8,0.2,0.0,1.2,8.4,14.6,0.42857142857142855,0.7448979591836734,14.59999510101553,188
Cody Zeller,21.0,8.3,2.3,0.3,0.1,0.2,0.6,2.2,5.7,0.26506024096385544,0.6867469879518072,5.6898890142465355,307
D'Angelo Russell,11.0,31.2,2.7,5.6,1.1,0.2,2.3,12.6,25.8,0.40384615384615385,0.826923076923077,25.84168161485956,82
D.J. Augustin,5.0,25.6,2.0,6.0,0.2,0.0,2.4,13.2,22.8,0.5156249999999999,0.890625,22.836877465633428,103
DaQuan Jeffries,2.0,2.5,0.0,0.0,0.0,0.0,0.0,0.0,0.0,0.0,0.0,-0.00020528379224806718,454
Dalano Banton,4.0,2.0,0.5,0.3,0.3,0.0,0.3,1.8,3.4,0.9,1.7,3.444664001423411,357
Damian Lillard,5.0,38.6,3.9,7.2,0.8,0.5,2.8,29.3,45.8,0.7590673575129534,1.1865284974093262,45.93140405014366,15
Damion Lee,12.0,9.4,1.5,0.5,0.2,0.0,0.2,2.0,4.9,0.2127659574468085,0.5212765957446809,4.944066383406724,325
Daniel Gafford,5.0,23.4,5.8,0.6,1.0,2.0,0.6,11.8,28.1,0.5042735042735044,1.200854700854701,28.06436019331305,68
Daniel Oturu,8.0,1.9,0.5,0.0,0.0,0.1,0.0,0.6,1.5,0.3157894736842105,0.7894736842105263,1.4992935344496727,423
Daniel Theis,16.5,20.4,5.2,1.1,0.4,0.8,0.8,6.6,17.3,0.3235294117647059,0.8480392156862746,17.288208185648095,151
Danilo Gallinari,10.0,25.8,4.5,0.9,0.4,0.1,1.3,12.7,19.6,0.49224806201550386,0.7596899224806202,19.664251930959004,133
Danny Green,11.2,21.6,2.6,1.2,0.9,0.6,0.7,6.1,14.9,0.2824074074074074,0.6898148148148148,14.809740175001993,180
Danuel House Jr.,7.3,18.6,3.4,0.7,0.3,0.1,0.6,6.2,11.9,0.3333333333333333,0.6397849462365591,11.941354944550225,215
Dario Šarić,14.0,10.5,2.5,1.0,0.1,0.1,0.4,4.5,9.2,0.42857142857142855,0.8761904761904761,9.199009369818265,256
Darius Bazley,7.0,18.0,6.7,0.9,0.0,0.4,0.9,6.6,16.3,0.36666666666666664,0.9055555555555556,16.312966655694744,161
Darius Garland,5.0,37.8,1.8,5.0,1.6,0.2,3.6,20.6,32.1,0.544973544973545,0.8492063492063493,32.05785875962084,52
David Duke Jr.,1.0,5.0,0.0,0.0,0.0,0.0,1.0,2.0,1.0,0.4,0.2,0.9873373338278875,434
David Roddy,6.0,12.7,2.8,0.7,0.0,0.3,0.2,3.8,8.9,0.2992125984251969,0.7007874015748032,8.929106516813272,262
Davion Mitchell,7.0,20.0,1.3,1.7,0.9,0.1,0.9,7.1,13.3,0.355,0.665,13.303270771911686,198
Day'Ron Sharpe,1.5,5.0,1.5,1.2,0.0,0.2,0.5,1.5,5.4,0.3,1.08,5.222551064475435,317
De'Aaron Fox,7.0,38.6,5.4,7.7,2.1,0.6,4.0,27.4,49.5,0.7098445595854922,1.282383419689119,49.517326105890334,7
De'Andre Hunter,5.3,34.2,4.5,0.8,0.6,0.4,1.7,16.2,23.9,0.4736842105263157,0.698830409356725,24.127715931289814,92
De'Anthony Melton,8.7,19.5,3.2,1.4,0.8,0.7,0.9,6.6,16.1,0.3384615384615384,0.8256410256410257,16.13421488526204,163
DeAndre Jordan,3.5,6.9,1.6,0.3,0.0,0.5,0.6,2.3,5.6,0.3333333333333333,0.8115942028985507,5.580198780950351,309
DeMar DeRozan,5.0,40.6,5.4,4.8,1.8,0.4,2.2,20.8,38.9,0.5123152709359606,0.9581280788177339,38.88538631144484,32
DeMarcus Cousins,6.0,9.9,2.7,1.0,0.4,0.3,1.0,9.1,15.0,0.9191919191919191,1.5151515151515151,14.936513073151243,179
DeMarre Carroll,2.0,3.0,1.5,0.5,0.0,0.0,0.0,1.0,3.6,0.3333333333333333,1.2,3.573369394318323,356
Dean Wade,2.0,5.5,1.5,0.0,0.0,0.0,0.0,1.0,2.8,0.18181818181818182,0.509090909090909,2.8118054508893118,385
Deandre Ayton,15.0,32.9,10.1,1.3,0.6,0.9,1.5,15.7,32.7,0.47720364741641336,0.9939209726443771,32.78211561745825,48
Dejounte Murray,5.0,38.0,7.2,6.8,2.0,0.2,2.0,23.0,46.4,0.6052631578947368,1.2210526315789474,46.44327201872899,13
Delon Wright,4.5,20.4,2.8,2.3,1.0,0.1,1.2,6.1,15.2,0.29901960784313725,0.7450980392156863,15.004160321911504,177
Dennis Schröder,9.7,30.4,2.9,3.1,0.9,0.2,1.8,13.0,22.4,0.4276315789473684,0.7368421052631579,22.636662899024117,104
Deonte Burton,1.0,2.0,0.0,0.0,0.0,0.0,0.0,0.0,0.0,0.0,0.0,0.0005409538924526116,452
Derrick Favors,11.0,13.2,4.2,0.3,0.2,0.9,0.5,3.4,11.7,0.25757575757575757,0.8863636363636364,11.694732918818762,219
Derrick Jones Jr.,7.3,7.8,0.7,0.3,0.4,0.1,0.2,2.4,4.9,0.3076923076923077,0.6282051282051283,4.980688370154348,322
Derrick Rose,3.0,19.0,2.0,3.0,0.2,0.1,0.8,9.7,16.7,0.5105263157894736,0.8789473684210526,16.731303762494115,156
Derrick White,21.5,27.6,3.0,2.4,0.8,0.8,1.1,11.0,21.7,0.39855072463768115,0.786231884057971,21.890018058437732,112
Desmond Bane,7.7,31.3,4.4,2.5,0.7,0.4,1.6,16.0,26.8,0.5111821086261981,0.8562300319488818,26.75172674035764,75
Devin Booker,14.3,39.6,5.1,5.4,1.0,0.5,3.3,28.1,43.4,0.7095959595959596,1.0959595959595958,43.5393519164877,22
Devonte' Graham,6.0,10.0,1.5,0.7,0.2,0.2,0.7,4.0,7.3,0.4,0.73,7.3508887506027,286
Dewayne Dedmon,6.3,9.7,2.8,0.4,0.0,0.2,1.0,3.4,7.2,0.3505154639175258,0.7422680412371134,6.965155474165675,290
Dillon Brooks,7.3,31.1,3.3,2.2,0.9,0.2,1.7,17.0,25.9,0.5466237942122186,0.832797427652733,25.873797458163516,81
Dion Waiters,5.0,7.6,0.4,0.4,0.2,0.2,0.2,2.0,4.1,0.2631578947368421,0.5394736842105263,4.081033579844521,345
Domantas Sabonis,7.0,34.7,11.0,4.7,1.4,0.9,3.7,16.4,39.8,0.47262247838616706,1.1469740634005763,39.83834913488374,30
Donovan Mitchell,7.0,38.0,4.6,5.8,1.2,0.4,3.4,29.3,45.1,0.7710526315789474,1.186842105263158,44.942752607210075,17
Donta Hall,3.0,6.7,1.7,0.0,0.0,0.7,0.3,2.3,6.1,0.34328358208955223,0.9104477611940298,6.154602788087651,301
Donte DiVincenzo,8.7,19.3,4.2,2.2,0.8,0.3,1.4,4.9,15.2,0.2538860103626943,0.7875647668393781,15.13120600666188,171
Dorian Finney-Smith,8.8,33.5,5.6,2.0,1.0,0.4,1.4,9.6,22.2,0.2865671641791045,0.6626865671641791,22.12570991812767,109
Doug McDermott,4.0,13.5,0.8,0.3,0.3,0.0,0.3,2.5,4.5,0.18518518518518517,0.3333333333333333,4.515401741334375,332
Draymond Green,17.0,31.3,7.0,6.6,1.3,1.0,2.5,8.7,31.4,0.27795527156549515,1.0031948881789137,31.38206100160044,56
Duncan Robinson,15.2,21.0,2.2,1.2,0.5,0.1,0.7,9.2,14.8,0.43809523809523804,0.7047619047619048,14.738043392806414,184
Dwight Howard,15.0,14.0,5.4,0.6,0.3,0.4,1.0,5.2,14.0,0.37142857142857144,1.0,13.672757509829546,193
Dwight Powell,12.5,10.6,2.2,0.6,0.2,0.2,0.3,3.0,7.4,0.2830188679245283,0.6981132075471699,7.436906323633297,284
Dāvis Bertāns,11.0,18.6,2.1,0.3,0.4,0.3,0.2,6.7,11.4,0.3602150537634408,0.6129032258064516,11.573875435838575,222
Džanan Musa,3.0,13.0,1.0,1.3,0.0,0.3,1.0,4.7,7.8,0.36153846153846153,0.6,7.766396405104761,279
E'Twaun Moore,7.0,6.6,1.4,1.3,0.1,0.0,0.4,2.4,5.9,0.36363636363636365,0.893939393939394,5.936406072491353,305
Edmond Sumner,2.0,8.8,1.0,0.5,0.0,0.0,0.4,1.0,2.6,0.11363636363636363,0.2954545454545454,2.5620185300797846,396
Elfrid Payton,2.0,5.2,0.0,1.0,0.2,0.0,0.0,1.2,3.5,0.23076923076923075,0.673076923076923,3.3101742278047963,361
Elijah Bryant,11.0,4.5,1.1,0.4,0.2,0.1,0.2,1.3,3.9,0.2888888888888889,0.8666666666666667,3.9139457766194417,348
Emmanuel Mudiay,3.0,11.3,2.0,0.7,0.0,0.3,0.3,4.3,8.3,0.3805309734513274,0.7345132743362832,8.369669651342187,268
Enes Freedom,8.0,10.2,3.2,0.3,0.0,0.2,0.5,3.2,7.7,0.3137254901960785,0.7549019607843138,7.598542210670877,281
Eric Bledsoe,9.0,29.7,4.6,5.9,1.2,0.7,2.6,11.7,29.2,0.3939393939393939,0.9831649831649831,29.16651419739088,65
Eric Gordon,8.5,32.0,2.0,2.8,0.7,0.5,1.4,13.8,22.6,0.43125,0.70625,22.622476099307434,105
Eric Paschall,4.0,6.0,1.3,0.0,0.3,0.0,0.0,2.0,4.5,0.3333333333333333,0.75,4.459573425105888,334
Ersan İlyasova,2.0,5.4,0.6,0.0,0.4,0.0,0.2,3.5,5.2,0.6481481481481481,0.9629629629629629,5.210780269817429,318
Evan Fournier,5.0,33.8,3.8,2.0,1.2,0.3,1.4,14.1,24.8,0.4171597633136095,0.7337278106508877,24.769715878586297,85
Evan Mobley,5.0,37.6,10.0,2.0,0.6,1.2,2.4,9.8,27.8,0.26063829787234044,0.7393617021276596,27.822288490189052,73
Facundo Campazzo,7.0,15.2,1.9,2.3,0.7,0.2,1.0,4.6,12.1,0.3026315789473684,0.7960526315789473,12.025350370055378,211
Frank Kaminsky,10.0,6.8,1.4,1.4,0.2,0.3,0.4,2.2,7.1,0.3235294117647059,1.0441176470588236,7.08382135213672,289
Frank Mason III,2.0,1.0,0.0,0.5,0.0,0.0,0.0,0.0,0.8,0.0,0.8,0.7740060368938497,437
Frank Ntilikina,7.5,5.9,0.5,0.4,0.4,0.0,0.2,1.0,3.1,0.1694915254237288,0.5254237288135593,3.189242990358528,367
Fred VanVleet,7.5,37.0,3.7,6.6,1.7,0.8,1.5,16.7,37.0,0.45135135135135135,1.0,37.04734194431719,38
Furkan Korkmaz,7.0,9.2,1.3,0.4,0.2,0.1,0.4,2.9,5.8,0.31521739130434784,0.6304347826086957,5.559727036737722,310
Gabe Vincent,11.0,14.7,0.9,1.8,0.4,0.1,0.8,5.6,10.3,0.38095238095238093,0.7006802721088436,10.07731881262475,245
Garrett Temple,2.5,18.2,1.9,1.0,0.4,0.2,0.8,6.0,10.7,0.32967032967032966,0.5879120879120879,10.793110095160852,234
Garrison Mathews,3.0,5.7,0.7,0.0,0.0,0.0,0.0,1.3,2.1,0.22807017543859648,0.3684210526315789,2.145296219363185,407
Gary Clark,5.0,28.8,5.6,1.4,1.0,0.4,0.4,7.4,20.0,0.2569444444444445,0.6944444444444444,20.03009751788055,128
Gary Harris,14.0,27.1,2.0,1.7,1.1,0.3,1.5,7.4,15.0,0.2730627306273063,0.5535055350553505,15.03050503678387,174
Gary Payton II,12.0,16.4,3.4,1.0,1.0,0.6,0.7,6.6,16.1,0.4024390243902439,0.9817073170731709,16.258659890606225,162
Gary Trent Jr.,5.5,31.9,1.8,1.0,0.9,0.2,0.8,12.4,18.8,0.3887147335423198,0.5893416927899687,18.57820755744367,143
George Hill,9.0,19.7,1.6,1.7,0.4,0.1,0.9,5.1,10.4,0.25888324873096447,0.5279187817258884,10.176526262130684,244
Georges Niang,10.2,14.7,1.4,0.6,0.1,0.1,0.5,5.2,7.8,0.35374149659863946,0.5306122448979592,7.885646326603557,278
Giannis Antetokounmpo,11.2,34.1,13.0,5.7,0.7,1.0,3.9,28.0,53.3,0.8211143695014662,1.563049853372434,53.36993793293532,4
Goran Dragić,6.8,21.3,2.6,2.3,0.7,0.2,1.3,11.9,19.7,0.5586854460093896,0.9248826291079811,19.875219400379564,131
Gordon Hayward,5.0,31.4,4.0,2.8,1.4,0.4,1.4,10.8,23.8,0.3439490445859873,0.7579617834394905,23.797742391573927,95
Gorgui Dieng,2.0,5.0,1.5,0.0,0.0,0.0,0.0,1.5,3.3,0.3,0.6599999999999999,3.3108138350496112,360
Grant Williams,15.2,16.6,2.4,0.8,0.2,0.6,0.4,5.0,11.0,0.3012048192771084,0.6626506024096385,11.081788183161052,231
Grayson Allen,7.3,26.1,2.6,1.1,0.5,0.2,0.6,8.8,15.0,0.3371647509578544,0.5747126436781609,15.08899165866895,172
Greg Monroe,2.0,3.5,1.0,0.5,1.0,0.0,0.5,2.0,6.4,0.5714285714285714,1.8285714285714287,6.440811038791501,298
Hamidou Diallo,3.0,8.3,2.0,0.3,0.0,0.7,0.7,4.3,8.6,0.5180722891566264,1.0361445783132528,8.562654072252123,264
Harrison Barnes,7.0,28.0,3.4,0.7,1.1,0.3,0.4,10.7,19.6,0.3821428571428571,0.7000000000000001,19.63283970652885,134
Harry Giles,1.0,4.0,3.0,0.0,0.0,0.0,3.0,0.0,0.6,0.0,0.15,0.5803227904053078,445
Hassan Whiteside,5.5,16.0,6.1,0.2,0.2,1.6,0.6,4.3,17.0,0.26875,1.0625,16.739063256026974,155
Haywood Highsmith,13.0,6.4,1.0,0.4,0.3,0.0,0.2,2.2,4.7,0.34375,0.734375,4.684752426190555,328
Herbert Jones,6.0,37.7,3.3,1.8,1.8,0.8,1.3,10.7,23.9,0.2838196286472148,0.6339522546419097,23.848395248396812,94
Immanuel Quickley,6.5,18.6,1.5,1.0,0.6,0.0,1.2,7.4,11.2,0.3978494623655914,0.6021505376344085,11.296545646199405,227
Isaac Bonga,2.5,2.8,0.5,0.0,0.0,0.2,0.0,1.0,2.0,0.35714285714285715,0.7142857142857143,2.2053539237350064,404
Isaac Okoro,5.0,15.0,1.4,0.8,0.4,0.4,0.8,6.4,10.9,0.4266666666666667,0.7266666666666667,10.883957014833731,232
Isaiah Hartenstein,11.0,20.0,4.6,1.3,0.8,1.4,0.5,3.1,16.7,0.155,0.835,16.664540597603505,157
Isaiah Joe,5.5,2.2,0.2,0.2,0.0,0.0,0.2,0.6,0.8,0.2727272727272727,0.36363636363636365,0.9314808087807189,435
Ish Smith,4.5,12.6,1.8,1.5,0.7,0.2,0.5,3.6,10.3,0.28571428571428575,0.8174603174603176,10.207833688715215,243
Ish Wainright,6.5,3.6,0.9,0.0,0.0,0.2,0.2,1.2,2.8,0.3333333333333333,0.7777777777777777,2.6817277756582527,390
Ivica Zubac,11.7,22.8,7.5,0.5,0.3,0.6,1.3,8.2,19.3,0.3596491228070175,0.8464912280701754,19.35680958656509,137
J.J. Barea,1.0,5.0,0.0,0.0,0.0,0.0,1.0,3.0,2.0,0.6,0.4,1.9855139770579877,412
J.R. Smith,10.0,7.5,0.3,0.3,0.2,0.0,0.7,2.0,2.7,0.26666666666666666,0.36000000000000004,2.693474113282168,389
Ja Morant,6.3,38.5,6.5,8.3,1.4,0.2,3.5,27.3,49.0,0.7090909090909091,1.2727272727272727,48.870618651674825,9
JaKarr Sampson,4.0,12.5,3.3,1.0,0.5,0.0,0.5,5.0,11.5,0.4,0.92,11.46402230965723,223
JaMychal Green,8.8,14.2,3.0,0.6,0.1,0.2,0.4,4.7,9.7,0.33098591549295775,0.6830985915492958,9.710630504559772,250
JaVale McGee,10.0,9.7,3.4,0.6,0.2,0.8,0.6,3.9,11.4,0.4020618556701031,1.175257731958763,11.284556938897238,228
Jabari Parker,4.0,14.8,3.8,0.5,0.0,0.8,1.5,8.5,14.7,0.5743243243243243,0.9932432432432432,14.72528659989755,185
Jaden McDaniels,6.0,21.7,2.8,0.7,0.3,1.8,1.0,9.3,19.0,0.4285714285714286,0.8755760368663594,19.029092320221118,140
Jaden Springer,4.5,3.4,0.4,0.2,0.2,0.0,0.2,1.8,2.8,0.5294117647058824,0.8235294117647058,2.970854961062277,379
Jae Crowder,15.0,26.1,4.4,1.8,0.8,0.5,0.8,8.5,19.2,0.32567049808429116,0.7356321839080459,19.57626207023614,136
Jalen Brunson,12.0,30.5,4.0,3.6,0.8,0.1,1.3,19.1,30.6,0.6262295081967214,1.0032786885245901,30.71904473314826,60
Jalen Johnson,4.0,6.9,1.2,0.6,0.2,0.0,0.6,2.2,4.7,0.31884057971014496,0.6811594202898551,4.54015070911021,329
Jalen McDaniels,8.0,12.8,2.0,0.6,0.1,0.0,0.4,2.4,5.6,0.18749999999999997,0.43749999999999994,5.607081926438571,308
Jalen Smith,6.0,3.0,0.8,0.2,0.0,0.0,0.2,0.8,1.9,0.26666666666666666,0.6333333333333333,1.8605318350065092,414
Jamal Murray,19.5,39.8,5.2,6.8,1.2,0.3,2.6,26.3,44.7,0.6608040201005025,1.1231155778894475,44.65231322455773,19
James Ennis III,5.0,23.8,5.8,1.2,1.0,0.4,1.2,7.0,18.8,0.29411764705882354,0.7899159663865546,18.75533045408811,141
James Harden,11.0,37.9,6.0,8.3,1.4,0.6,3.5,22.2,44.5,0.5857519788918206,1.1741424802110818,44.35681240095574,20
Jared Butler,1.0,5.0,1.0,0.0,0.0,0.0,0.0,0.0,1.2,0.0,0.24,1.2119356089518223,427
Jared Dudley,5.5,3.0,0.1,0.0,0.2,0.0,0.1,0.0,0.8,0.0,0.26666666666666666,0.61473909691622,441
Jaren Jackson Jr.,7.7,30.6,6.7,1.1,0.9,1.9,1.7,15.7,32.2,0.5130718954248366,1.0522875816993464,32.09781686351215,51
Jarred Vanderbilt,10.5,19.0,5.2,0.8,1.0,0.6,0.8,5.0,16.1,0.2631578947368421,0.8473684210526317,16.421793587873346,159
Jarrell Brantley,2.0,4.0,1.2,0.5,0.0,0.2,0.5,0.5,3.0,0.125,0.75,2.8057506778313517,386
Jarrett Allen,4.5,35.6,11.1,2.3,0.6,1.4,1.7,9.9,31.1,0.27808988764044945,0.8735955056179775,30.997450624704413,57
Jarrett Culver,3.0,7.3,2.3,0.3,0.7,0.0,0.7,2.3,6.9,0.3150684931506849,0.9452054794520549,6.898358431070478,292
Jason Preston,1.0,1.0,0.0,0.0,0.0,0.0,0.0,0.0,0.0,0.0,0.0,-0.0011279604037199406,455
Javonte Green,3.0,10.2,2.0,0.2,0.9,0.0,0.4,2.2,7.2,0.21568627450980396,0.7058823529411765,7.184816247867894,287
Jaxson Hayes,6.0,13.8,2.5,0.2,0.0,0.3,0.7,5.8,9.3,0.42028985507246375,0.6739130434782609,9.312739267521984,255
Jay Scrubb,6.0,1.3,0.2,0.0,0.0,0.0,0.0,0.0,0.2,0.0,0.15384615384615385,0.23617348429735768,448
Jaylen Adams,3.0,7.0,1.0,0.7,0.3,0.0,0.0,2.0,5.2,0.2857142857142857,0.7428571428571429,5.156488455857895,319
Jaylen Brown,20.3,38.5,6.7,3.1,1.2,0.4,2.9,22.5,37.2,0.5844155844155844,0.9662337662337663,37.080919016865444,37
Jaylen Hoard,3.0,13.7,3.0,0.3,0.0,0.0,0.7,4.7,8.0,0.34306569343065696,0.5839416058394161,8.06682909995268,273
Jaylen Nowell,3.0,12.2,0.5,0.8,0.5,0.0,0.2,4.6,7.7,0.3770491803278688,0.6311475409836066,7.702236020373516,280
Jayson Tatum,16.5,39.6,8.2,5.3,1.1,1.2,3.1,27.3,49.0,0.6893939393939393,1.2373737373737372,48.90139891180044,8
Jeff Green,10.8,23.2,3.2,1.1,0.5,0.4,0.7,6.9,14.4,0.2974137931034483,0.6206896551724138,14.396950606284516,189
Jeff Teague,16.0,7.4,0.5,0.8,0.2,0.0,0.4,2.0,4.0,0.27027027027027023,0.5405405405405405,3.9824565462297192,347
Jerami Grant,19.0,34.4,3.3,1.3,0.6,0.8,1.3,11.6,20.4,0.3372093023255814,0.5930232558139534,20.41721447152309,123
Jeremiah Martin,3.0,9.0,1.0,1.3,0.0,0.3,0.7,4.0,7.4,0.4444444444444444,0.8222222222222223,7.364194817733351,285
Jevon Carter,7.3,9.0,0.9,0.8,0.3,0.0,0.2,1.4,4.6,0.15555555555555556,0.5111111111111111,4.379688447667187,336
Jimmy Butler,16.0,38.4,7.0,5.9,1.8,0.5,2.1,22.8,44.9,0.59375,1.1692708333333333,44.84033386411141,18
Joakim Noah,2.0,1.0,0.0,0.0,0.0,0.0,0.0,0.0,0.0,0.0,0.0,-0.0027086552365068956,456
Jock Landale,7.0,16.1,4.0,0.4,0.4,0.4,0.3,6.1,13.6,0.3788819875776397,0.8447204968944099,13.608141612441282,195
Joe Harris,6.0,27.7,5.0,0.9,0.4,0.1,1.0,9.8,17.6,0.3537906137184116,0.6353790613718412,17.673820398751268,147
Joe Ingles,7.7,26.3,2.6,3.4,0.6,0.1,0.9,8.7,18.1,0.3307984790874524,0.688212927756654,18.140111675168086,145
Joel Embiid,8.5,36.2,10.8,2.4,0.9,1.6,3.7,26.4,46.7,0.729281767955801,1.2900552486187844,46.770478515852695,11
John Collins,9.7,27.9,5.9,1.0,0.4,0.6,1.3,11.5,21.7,0.4121863799283154,0.7777777777777778,21.797734569106815,115
John Konchar,4.7,6.6,1.8,0.5,0.3,0.5,0.1,0.6,5.7,0.09090909090909091,0.8636363636363638,5.820826037274933,306
Jonas Valančiūnas,5.5,31.2,12.0,2.8,0.6,0.4,2.0,14.8,34.6,0.4743589743589744,1.108974358974359,34.423965206803864,44
Jonathan Kuminga,13.0,7.4,1.3,0.5,0.2,0.0,0.6,4.3,6.8,0.581081081081081,0.9189189189189189,6.594482382858257,295
Jordan Clarkson,8.0,28.0,3.2,1.6,0.7,0.2,1.6,17.2,24.5,0.6142857142857142,0.875,24.55387653419171,88
Jordan McLaughlin,3.5,11.8,1.7,2.2,0.5,0.0,0.2,3.1,9.7,0.2627118644067796,0.8220338983050847,9.75090522378785,248
Jordan Nwora,6.5,4.4,1.1,0.2,0.0,0.1,0.1,1.8,3.6,0.40909090909090906,0.8181818181818181,3.6227067090748166,353
Jordan Poole,17.5,24.6,2.5,3.6,0.8,0.3,1.8,13.6,23.6,0.5528455284552845,0.959349593495935,23.49173065363631,99
Jose Alvarado,6.0,19.5,1.3,1.5,1.2,0.2,1.2,8.0,14.8,0.41025641025641024,0.758974358974359,14.790622167080135,181
Josh Green,8.5,5.8,0.4,0.2,0.2,0.0,0.0,0.7,1.9,0.12068965517241378,0.3275862068965517,2.0725030812183123,409
Josh Hart,11.0,32.1,7.4,2.2,0.8,0.3,1.9,10.4,24.0,0.32398753894080995,0.7476635514018691,23.98415262234792,93
Josh Minott,1.0,6.0,0.0,0.0,2.0,1.0,1.0,0.0,8.0,0.0,1.3333333333333333,7.959041838996617,276
Josh Okogie,5.5,9.8,1.0,0.6,0.3,0.1,0.2,2.0,5.3,0.2040816326530612,0.5408163265306122,5.1026185850220465,320
Josh Reaves,2.0,4.5,1.0,0.5,0.0,0.5,0.5,2.0,5.0,0.4444444444444444,1.1111111111111112,4.964304756060561,324
Josh Richardson,5.5,24.7,2.7,2.0,0.4,0.2,1.4,10.9,17.6,0.44129554655870445,0.7125506072874495,17.560941649828507,149
Jrue Holiday,13.3,38.8,6.0,7.7,1.5,0.5,2.5,18.1,40.2,0.4664948453608248,1.0360824742268042,40.35316110235148,29
Juan Toscano-Anderson,14.0,3.5,0.7,0.6,0.1,0.1,0.6,0.8,2.5,0.2285714285714286,0.7142857142857143,2.5264655523385495,397
Juancho Hernangómez,6.0,9.3,2.0,0.8,0.3,0.0,0.3,2.3,6.5,0.24731182795698922,0.6989247311827956,6.50286410175926,297
Julius Randle,7.5,34.5,10.0,3.8,0.6,0.2,4.0,17.3,33.0,0.5014492753623189,0.9565217391304348,33.41265315137676,47
Justin Anderson,3.0,9.3,2.7,1.0,0.0,0.3,0.7,6.3,11.2,0.6774193548387096,1.204301075268817,11.256298677407122,229
Justin Champagnie,4.0,2.5,0.0,0.0,0.0,0.0,0.0,0.5,0.5,0.2,0.2,0.4940441885837588,446
Justin Holiday,4.0,32.8,3.8,0.8,1.5,1.3,0.8,7.3,20.7,0.2225609756097561,0.6310975609756098,20.653470534988195,120
Justin Jackson,4.0,4.2,0.7,0.1,0.1,0.0,0.1,1.2,2.4,0.2857142857142857,0.5714285714285714,2.3901304294195187,401
Justise Winslow,1.0,3.0,1.0,1.0,0.0,0.0,0.0,0.0,2.7,0.0,0.9,2.731595615655713,388
Jusuf Nurkić,5.5,30.5,10.4,3.2,1.0,0.7,2.4,13.7,33.3,0.4491803278688524,1.0918032786885246,33.684489926167736,46
Juwan Morgan,6.0,5.7,1.4,0.4,0.1,0.0,0.0,0.5,3.1,0.08771929824561403,0.543859649122807,3.087569869420759,374
KZ Okpala,2.0,3.0,0.0,0.0,0.0,0.0,0.0,0.0,0.0,0.0,0.0,0.000629173355838209,451
Karl-Anthony Towns,5.5,36.5,10.5,2.1,0.6,1.4,4.0,20.0,37.9,0.547945205479452,1.0383561643835617,37.766810232970734,35
Kawhi Leonard,8.7,39.5,7.8,5.3,2.1,0.7,2.6,31.0,54.3,0.7848101265822784,1.3746835443037975,54.10477031549759,3
Keegan Murray,7.0,27.7,6.3,0.7,0.6,0.3,0.6,9.7,20.4,0.35018050541516244,0.7364620938628158,20.42804277266338,122
Keita Bates-Diop,5.0,4.8,1.2,0.2,0.0,0.0,0.0,0.6,2.3,0.125,0.47916666666666663,2.3478470216537883,402
Keljin Blevins,2.0,2.0,0.0,0.0,0.0,0.0,0.0,1.0,1.0,0.5,0.5,0.992104523569358,432
Kelly Olynyk,17.0,15.2,4.6,1.1,0.2,0.5,0.8,7.6,16.1,0.5,1.0592105263157896,16.068151425910884,164
Kemba Walker,10.0,33.6,4.0,4.6,0.6,0.2,2.3,16.2,27.9,0.4821428571428571,0.8303571428571428,28.02572602527163,70
Kendrick Nunn,9.5,19.6,1.8,1.4,0.4,0.1,0.8,8.2,13.0,0.4183673469387754,0.6632653061224489,13.166903371109193,199
Kenneth Lofton Jr.,4.0,3.0,0.8,0.3,0.0,0.0,0.0,1.8,3.2,0.6,1.0666666666666667,3.214651524620277,365
Kentavious Caldwell-Pope,15.3,30.6,2.7,1.3,1.1,0.3,0.6,9.2,18.0,0.3006535947712418,0.5882352941176471,17.982476708584016,146
Kessler Edwards,4.0,2.4,0.1,0.2,0.2,0.0,0.2,0.0,1.0,0.0,0.4166666666666667,0.8204822042594989,436
Kevin Durant,9.0,42.3,7.9,5.4,1.1,1.1,4.1,29.9,50.0,0.706855791962175,1.182033096926714,50.001862718717526,6
Kevin Huerter,10.0,29.3,3.7,2.6,0.8,0.9,1.3,9.8,22.0,0.3344709897610922,0.7508532423208191,21.948659062297757,111
Kevin Knox,1.5,4.2,1.0,0.5,0.5,0.5,0.8,6.5,10.7,1.5476190476190474,2.5476190476190474,10.641236729824382,237
Kevin Love,20.0,18.0,5.6,1.2,0.5,0.4,0.5,6.9,17.6,0.38333333333333336,0.9777777777777779,17.609531845060985,148
Kevon Looney,17.5,22.7,10.4,2.8,0.5,0.4,1.0,6.2,24.6,0.27312775330396477,1.0837004405286346,24.581033295853352,87
Khem Birch,5.5,14.2,3.2,1.0,0.2,0.1,0.8,3.9,9.4,0.2746478873239437,0.6619718309859155,9.350106682152997,254
Khris Middleton,10.0,36.6,6.5,6.1,1.2,0.1,3.9,20.6,37.4,0.5628415300546449,1.0218579234972678,37.551905360624936,36
Klay Thompson,17.5,36.0,4.0,2.2,0.8,0.5,1.6,18.8,29.2,0.5222222222222223,0.8111111111111111,29.21212504996327,64
Kris Dunn,5.0,6.6,1.0,1.0,0.4,0.4,0.8,1.2,5.5,0.18181818181818182,0.8333333333333334,5.4983401307368025,311
Kristaps Porziņģis,5.0,32.3,7.0,1.0,0.6,0.8,0.7,18.4,32.2,0.5696594427244582,0.996904024767802,31.837155922947183,53
Kyle Anderson,7.0,24.3,4.4,3.2,1.8,0.4,1.0,7.6,23.3,0.3127572016460905,0.9588477366255144,23.253115152352258,100
Kyle Korver,10.0,11.9,0.8,0.1,0.3,0.1,0.5,6.2,8.0,0.5210084033613446,0.6722689075630252,8.001156094536425,274
Kyle Kuzma,13.5,22.2,3.4,1.0,0.3,0.2,1.0,8.2,14.4,0.36936936936936937,0.6486486486486487,14.28611396085365,191
Kyle Lowry,14.7,31.0,4.5,5.0,1.3,0.7,2.0,11.6,28.3,0.3741935483870968,0.9129032258064517,28.487718269858128,67
Kyle O'Quinn,1.0,6.0,1.0,1.0,0.0,0.0,2.0,0.0,0.7,0.0,0.11666666666666665,0.6950650308846339,439
Kyrie Irving,6.5,39.3,5.6,4.4,1.4,1.0,1.8,22.0,40.5,0.5597964376590331,1.0305343511450382,40.73939913791607,28
Lamar Stevens,2.0,4.5,1.5,0.0,0.0,0.0,0.0,2.5,4.3,0.5555555555555556,0.9555555555555555,4.308519058676767,337
Lance Thomas,3.0,5.7,1.0,0.0,0.0,0.3,0.0,1.3,3.4,0.22807017543859648,0.5964912280701754,3.411420750792835,359
Landry Shamet,11.8,17.6,1.7,1.1,0.4,0.1,0.6,4.6,9.2,0.2613636363636363,0.5227272727272726,9.188849707197598,257
Langston Galloway,2.0,7.5,1.0,0.5,0.0,0.5,0.0,1.0,4.4,0.13333333333333333,0.5866666666666667,4.470136674741315,333
Larry Nance Jr.,6.0,21.7,5.8,1.8,0.5,0.3,1.0,9.2,20.3,0.423963133640553,0.935483870967742,20.274932321847537,125
LeBron James,14.3,37.4,9.3,7.8,1.3,0.8,3.6,25.1,50.5,0.6711229946524064,1.3502673796791445,50.66398355576427,5
Lonnie Walker IV,13.0,13.8,0.9,0.8,0.5,0.1,0.3,6.2,10.0,0.4492753623188406,0.7246376811594203,9.969383560253977,246
Lou Williams,15.5,20.8,2.3,3.2,0.8,0.2,1.4,10.2,19.1,0.4903846153846153,0.9182692307692308,19.348223781051622,138
Luca Vildoza,7.0,2.4,0.3,0.6,0.3,0.0,0.0,0.7,2.9,0.2916666666666667,1.2083333333333333,2.866078600508459,382
Luguentz Dort,6.0,29.2,3.7,1.0,0.3,1.0,2.5,12.5,19.8,0.4280821917808219,0.678082191780822,19.859504805013934,132
Luka Dončić,9.3,37.6,9.2,8.5,1.4,0.5,4.6,32.8,57.7,0.8723404255319148,1.5345744680851063,57.70010471873244,1
Luke Kennard,10.0,18.0,2.4,1.0,0.4,0.0,0.2,6.4,11.9,0.35555555555555557,0.6611111111111111,11.787356607509228,218
Luke Kornet,6.3,2.9,1.1,0.0,0.0,0.0,0.0,1.5,2.9,0.5172413793103449,1.0,2.8213949150815454,384
Malachi Flynn,6.0,6.0,0.5,0.5,0.2,0.0,0.2,0.0,1.8,0.0,0.3,1.7494885036718841,419
Malcolm Brogdon,11.5,32.4,3.9,6.4,0.6,0.2,1.8,16.7,31.6,0.5154320987654321,0.9753086419753088,31.612293021960312,55
Malcolm Miller,1.0,5.0,0.0,0.0,0.0,0.0,0.0,3.0,3.0,0.6,0.6,3.0000776264712705,378
Malik Beasley,8.5,14.0,2.0,0.4,0.2,0.1,0.7,5.8,9.0,0.41428571428571426,0.6428571428571429,9.001947460518677,259
Malik Fitts,9.0,1.8,0.2,0.0,0.0,0.0,0.0,0.9,1.1,0.5,0.6111111111111112,1.1238734614472734,431
Malik Monk,7.0,29.3,5.4,3.6,0.7,0.4,2.0,19.0,32.2,0.6484641638225256,1.0989761092150172,32.20237824294712,50
Mamadi Diakite,7.0,5.0,1.0,0.0,0.4,0.1,0.1,1.0,3.6,0.2,0.72,3.5925151525383576,354
MarJon Beauchamp,2.0,2.5,0.5,0.0,0.0,0.0,0.0,2.5,3.1,1.0,1.24,3.0939278610922916,373
Marc Gasol,8.0,19.0,4.1,2.8,0.6,0.7,1.2,5.6,17.6,0.29473684210526313,0.9263157894736843,17.42502032926101,150
Marcus Morris,11.7,28.1,4.4,1.0,0.5,0.3,0.5,10.9,19.7,0.3879003558718861,0.701067615658363,19.598064720663174,135
Marcus Smart,15.8,36.2,4.5,5.4,1.2,0.3,2.6,15.6,31.1,0.43093922651933697,0.8591160220994475,30.997200684379152,58
Mario Hezonja,5.0,13.6,3.2,1.2,0.6,0.0,0.6,4.6,11.4,0.338235294117647,0.8382352941176471,11.43968707454821,224
Markelle Fultz,5.0,29.4,2.2,5.2,1.0,0.6,2.6,12.0,24.6,0.40816326530612246,0.8367346938775511,24.647856005239873,86
Markieff Morris,8.7,10.3,1.7,0.6,0.1,0.1,0.8,2.7,5.6,0.2621359223300971,0.5436893203883495,5.438929672324861,313
Markus Howard,9.0,12.4,0.8,0.4,0.0,0.1,0.0,4.7,6.6,0.3790322580645161,0.532258064516129,6.570318304434442,296
Marquese Chriss,8.0,3.8,1.1,0.0,0.0,0.0,0.1,1.8,3.0,0.4736842105263158,0.7894736842105263,3.015185536962097,377
Marvin Williams,10.0,17.9,4.8,0.9,0.5,0.3,0.3,5.5,14.7,0.30726256983240224,0.8212290502793297,14.714213809139157,186
Mason Plumlee,12.0,14.5,5.0,1.6,0.3,0.4,0.6,5.3,15.1,0.36551724137931035,1.0413793103448277,15.205536636276172,169
Matisse Thybulle,8.3,17.4,1.4,0.4,1.0,0.7,0.3,3.4,10.2,0.19540229885057472,0.5862068965517242,10.463387155586116,239
Matt Thomas,6.5,5.4,0.8,0.4,0.0,0.0,0.0,1.6,3.3,0.2962962962962963,0.611111111111111,3.164740426461809,369
Max Christie,9.0,3.7,0.8,0.3,0.0,0.1,0.0,1.4,3.1,0.37837837837837834,0.8378378378378378,3.1105064671637686,371
Max Strus,14.3,20.1,2.6,1.2,0.4,0.2,0.5,6.7,12.9,0.3333333333333333,0.6417910447761194,12.922050736863598,200
Maxi Kleber,10.3,28.6,4.9,1.3,0.3,0.7,0.5,6.9,17.2,0.24125874125874125,0.6013986013986014,17.255682520410268,152
Meyers Leonard,2.5,6.4,0.4,0.5,0.2,0.0,0.0,2.4,4.0,0.37499999999999994,0.625,4.233211033049896,339
Michael Frazier,4.0,3.0,1.0,0.5,0.0,0.0,0.3,0.8,2.4,0.26666666666666666,0.7999999999999999,2.4584929361170307,399
Michael Kidd-Gilchrist,6.0,9.2,1.0,0.5,0.2,0.2,0.2,2.3,5.2,0.25,0.5652173913043479,5.253396728262134,316
Michael Porter Jr.,16.3,29.9,7.0,1.2,0.8,0.4,1.1,14.1,26.7,0.47157190635451507,0.8929765886287626,26.800332239913402,74
Mikal Bridges,13.0,36.6,4.8,2.8,0.9,0.7,1.2,16.0,29.5,0.4371584699453552,0.8060109289617486,29.57849067686699,63
Mike Conley,5.5,32.0,3.0,6.0,0.8,0.2,1.7,14.1,28.2,0.440625,0.88125,28.031115678749387,69
Mike James,9.0,11.4,1.8,1.3,0.2,0.0,0.3,3.7,8.1,0.32456140350877194,0.7105263157894737,8.115463496638409,271
Mike Muscala,4.0,6.8,1.4,0.4,0.0,0.0,0.1,1.5,3.5,0.22058823529411764,0.5147058823529412,3.6898374173888664,352
Mike Scott,4.5,5.9,1.3,0.4,0.1,0.1,0.0,1.4,4.2,0.23728813559322032,0.711864406779661,4.169597687239972,341
Miles McBride,8.0,2.5,0.3,0.1,0.0,0.1,0.0,0.4,1.2,0.16,0.48,1.2080659744721745,429
Mitchell Robinson,11.0,27.1,9.3,0.8,0.6,1.5,0.9,6.5,24.3,0.23985239852398524,0.8966789667896679,24.266640059285088,91
Miye Oni,5.0,6.0,1.2,0.0,0.3,0.2,0.2,1.8,4.6,0.3,0.7666666666666666,4.537821713718087,330
Mo Bamba,3.0,3.3,1.0,0.3,0.0,0.3,0.0,0.0,2.6,0.0,0.787878787878788,2.573318931093862,394
Monte Morris,11.3,27.1,2.0,4.5,0.9,0.1,0.9,12.3,23.7,0.45387453874538747,0.8745387453874538,23.561810778321593,97
Montrezl Harrell,6.3,10.7,2.0,0.1,0.3,0.2,0.5,5.4,8.9,0.5046728971962617,0.8317757009345795,8.94780375698335,261
Moses Moody,12.5,10.8,1.6,0.5,0.3,0.2,0.2,4.5,8.6,0.41666666666666663,0.7962962962962962,8.463600500845205,266
Myles Turner,4.0,36.5,10.8,0.8,0.5,4.0,2.3,15.8,41.2,0.4328767123287671,1.1287671232876713,41.18925051895909,27
Naji Marshall,6.0,9.3,1.0,0.8,0.2,0.2,0.5,3.0,6.1,0.3225806451612903,0.6559139784946235,6.102067333054496,302
Nassir Little,3.0,3.0,0.3,0.0,0.0,0.3,0.3,1.7,2.7,0.5666666666666667,0.9,2.659252194453531,392
Nathan Knight,4.0,2.4,0.8,0.0,0.0,0.2,0.2,0.8,2.0,0.33333333333333337,0.8333333333333334,2.1650009300384925,406
Naz Reid,5.0,10.8,2.8,0.0,0.2,1.2,1.0,4.8,11.4,0.4444444444444444,1.0555555555555556,11.365205366658767,226
Nemanja Bjelica,8.5,12.5,2.3,1.0,0.6,0.3,0.2,6.0,12.9,0.48,1.032,12.757076970351418,202
Nerlens Noel,6.0,16.2,4.0,0.3,0.6,0.6,0.6,3.8,12.2,0.2345679012345679,0.7530864197530864,12.049296512644052,210
Nic Claxton,6.7,21.5,5.7,1.2,0.6,1.7,0.5,7.8,22.9,0.36279069767441857,1.0651162790697675,22.853792515477323,102
Nickeil Alexander-Walker,3.0,17.3,1.5,1.2,0.8,0.1,0.4,6.7,12.6,0.3872832369942196,0.7283236994219653,12.601912597556819,204
Nicolas Batum,12.0,23.8,3.8,1.6,0.8,0.4,0.4,6.2,16.9,0.2605042016806723,0.7100840336134453,16.360038726579695,160
Nicolò Melli,3.0,6.3,2.0,0.0,0.3,0.0,0.0,0.0,3.3,0.0,0.5238095238095238,3.3066845514762107,362
Nigel Williams-Goss,1.0,2.0,0.0,1.0,0.0,0.0,0.0,0.0,1.5,0.0,0.75,1.5264524481320958,422
Nik Stauskas,13.0,1.8,0.3,0.3,0.0,0.0,0.0,1.0,1.8,0.5555555555555556,1.0,1.7979143622008138,417
Nikola Jokić,13.5,36.2,12.0,6.5,1.1,0.9,3.5,28.8,55.6,0.7955801104972375,1.5359116022099446,55.46152510079326,2
Nikola Jović,7.0,1.9,0.7,0.0,0.0,0.0,0.0,0.3,1.1,0.15789473684210525,0.5789473684210527,1.1413646032435796,430
Nikola Vučević,5.0,36.6,11.7,3.6,0.6,0.9,2.1,23.7,45.5,0.6475409836065573,1.2431693989071038,45.58273441837602,16
Noah Vonleh,1.0,3.0,0.0,0.0,0.0,0.0,0.0,0.0,0.0,0.0,0.0,0.002209868188625164,449
Norman Powell,7.3,31.4,2.5,1.7,0.7,0.6,1.3,17.4,25.6,0.554140127388535,0.8152866242038217,25.574417657635195,83
Norvel Pelle,1.0,7.0,0.0,0.0,1.0,1.0,0.0,0.0,6.0,0.0,0.8571428571428571,5.993601612086314,303
OG Anunoby,8.5,36.0,5.4,1.8,1.0,0.7,1.6,13.9,26.7,0.3861111111111111,0.7416666666666667,26.59209452910845,76
Obi Toppin,8.0,14.4,3.0,0.5,0.4,0.2,0.6,6.7,12.3,0.4652777777777778,0.8541666666666667,12.250383540789402,208
Omer Yurtseven,8.5,3.1,0.7,0.2,0.0,0.1,0.0,1.6,3.0,0.5161290322580645,0.9677419354838709,3.0380121268241536,376
Onyeka Okongwu,9.7,17.5,4.8,0.6,0.5,0.9,0.7,4.6,14.7,0.26285714285714284,0.84,14.760018445978705,182
Otto Porter Jr.,19.0,19.5,3.4,1.8,0.9,0.3,0.6,5.4,15.2,0.27692307692307694,0.7794871794871795,15.157533008021616,170
P.J. Tucker,16.0,29.8,5.6,1.5,1.0,0.2,0.6,6.2,18.3,0.2080536912751678,0.6140939597315437,18.161450860588417,144
PJ Dozier,7.5,6.2,1.1,0.5,0.1,0.1,0.4,3.0,5.3,0.48387096774193544,0.8548387096774193,5.267520156801966,315
Pascal Siakam,8.5,40.6,7.4,4.8,1.2,0.7,2.1,19.9,39.4,0.4901477832512315,0.9704433497536945,39.60129532251267,31
Pat Connaughton,12.2,22.3,4.4,1.2,0.5,0.3,0.5,8.1,16.9,0.3632286995515695,0.757847533632287,17.08668326565303,153
Patrick Baldwin Jr.,3.0,3.7,1.0,0.3,0.0,0.0,0.0,0.0,1.6,0.0,0.43243243243243246,1.6633237369230254,421
Patrick Beverley,10.3,24.0,3.2,2.9,1.0,0.8,1.0,7.4,19.7,0.30833333333333335,0.8208333333333333,19.985058747800828,129
Patrick Patterson,2.0,5.0,0.5,2.0,0.0,0.0,0.0,4.5,8.1,0.9,1.6199999999999999,8.12164225161427,270
Patrick Williams,5.0,30.6,5.4,0.8,1.0,0.6,1.4,11.8,22.9,0.38562091503267976,0.7483660130718953,22.88590777256111,101
Patty Mills,2.5,11.5,0.5,0.0,0.0,0.2,0.2,3.2,4.0,0.2782608695652174,0.34782608695652173,4.213638323308125,340
Paul George,16.0,38.8,7.8,4.6,1.2,0.5,3.3,23.5,41.8,0.6056701030927836,1.077319587628866,41.559709351826854,25
Paul Millsap,9.7,14.1,3.2,1.3,0.3,0.4,0.7,4.8,12.0,0.3404255319148936,0.851063829787234,11.993999973272818,213
Paul Reed,8.7,9.9,4.0,0.5,0.4,0.4,0.4,3.2,10.8,0.32323232323232326,1.090909090909091,10.750725055678947,235
Paul Watson,2.0,4.5,0.0,0.5,0.5,0.0,0.0,1.0,3.2,0.2222222222222222,0.7111111111111111,3.247470107948751,364
Payton Pritchard,13.0,10.7,1.4,1.7,0.3,0.0,0.5,3.8,8.5,0.35514018691588783,0.7943925233644861,8.424903362930756,267
Peyton Watson,5.0,2.8,0.8,0.2,0.0,0.2,0.2,1.0,2.7,0.35714285714285715,0.9642857142857144,2.6677895604712525,391
Precious Achiuwa,4.5,15.9,3.4,0.5,0.1,0.8,1.4,6.2,12.2,0.389937106918239,0.7672955974842767,12.341896812939764,206
Quentin Grimes,9.0,26.9,2.8,1.4,1.0,0.6,1.1,5.1,14.3,0.1895910780669145,0.5315985130111525,14.25276355719863,192
Quinn Cook,6.0,4.0,0.2,0.8,0.0,0.0,0.2,2.2,3.4,0.55,0.85,3.43924157745539,358
RJ Barrett,8.0,33.3,5.8,2.9,0.8,0.3,1.3,16.8,30.2,0.5045045045045046,0.906906906906907,30.135188557698342,61
Rajon Rondo,14.5,20.8,3.4,5.2,0.9,0.2,1.6,6.6,20.0,0.3173076923076923,0.9615384615384615,20.170300521619808,126
Raul Neto,3.0,13.0,1.2,1.0,0.3,0.0,0.6,3.6,6.9,0.27692307692307694,0.5307692307692308,6.847878006180144,293
Rayjon Tucker,3.7,3.3,0.1,0.0,0.0,0.0,0.2,1.3,1.3,0.393939393939394,0.393939393939394,1.2120695685883893,426
Reggie Bullock,11.5,35.8,4.0,1.4,0.9,0.2,0.6,9.7,19.2,0.2709497206703911,0.5363128491620112,19.31439827679437,139
Reggie Jackson,12.3,16.6,1.8,1.5,0.4,0.1,0.7,7.7,13.1,0.463855421686747,0.789156626506024,12.90951681664657,201
Reggie Perry,5.0,4.4,1.2,0.2,0.2,0.0,0.6,3.2,4.9,0.7272727272727273,1.1136363636363635,4.9292040314722065,326
Ricky Rubio,3.0,5.7,2.0,1.0,0.3,0.0,1.7,0.0,3.1,0.0,0.543859649122807,3.094212260470441,372
Robert Covington,6.7,25.2,4.6,1.2,1.3,0.9,0.8,6.8,19.9,0.2698412698412698,0.7896825396825397,19.9072799030843,130
Robert Williams,13.2,17.7,5.3,0.9,0.4,1.8,0.6,6.4,20.0,0.36158192090395486,1.1299435028248588,20.114206767740704,127
Robin Lopez,3.3,8.2,1.2,0.0,0.0,0.3,0.2,4.5,6.5,0.5487804878048781,0.7926829268292683,6.648714738362414,294
Rodions Kurucs,4.0,14.5,3.3,0.8,0.3,0.5,0.8,5.5,12.3,0.3793103448275862,0.8482758620689655,12.270704145458447,207
Rodney McGruder,5.0,3.2,0.8,0.4,0.0,0.0,0.0,1.6,3.2,0.5,1.0,3.166017992991247,368
Romeo Langford,5.5,17.0,1.4,0.8,0.4,0.2,0.3,5.2,9.9,0.3058823529411765,0.5823529411764706,9.59053838500414,251
Rondae Hollis-Jefferson,5.0,7.5,1.8,0.3,0.3,0.2,0.1,2.4,6.4,0.32,0.8533333333333334,6.413535875640442,299
Royce O'Neale,7.0,33.3,5.7,2.4,1.0,0.3,1.0,7.0,20.5,0.21021021021021022,0.6156156156156156,20.350499528357567,124
Rudy Gobert,7.2,35.2,12.3,1.1,0.4,1.4,1.4,14.6,35.0,0.41477272727272724,0.9943181818181818,35.04375890883182,41
Rui Hachimura,10.5,29.4,5.4,0.8,0.4,0.2,0.8,13.5,22.5,0.45918367346938777,0.7653061224489797,22.20485799122943,108
Russell Westbrook,6.0,36.1,8.3,7.9,1.0,0.6,4.0,20.2,43.1,0.5595567867036011,1.1939058171745152,42.82878818541698,24
Saddiq Bey,6.0,22.2,4.0,1.0,0.5,0.0,0.3,7.5,15.0,0.33783783783783783,0.6756756756756757,15.016674202892279,175
Sam Hauser,11.0,4.5,0.6,0.3,0.0,0.0,0.0,1.4,2.8,0.3111111111111111,0.6222222222222222,2.5655638168805344,395
Sam Merrill,8.0,3.8,0.6,0.1,0.5,0.0,0.1,0.6,2.9,0.15789473684210525,0.7631578947368421,2.858761247373445,383
Santi Aldama,6.0,16.8,4.3,1.2,0.5,0.0,0.3,6.5,14.7,0.38690476190476186,0.8749999999999999,14.67008350391811,187
Scottie Barnes,4.0,33.3,9.0,4.3,1.0,0.3,1.3,12.8,32.6,0.38438438438438444,0.9789789789789791,32.67343994359145,49
Semi Ojeleye,7.5,7.7,0.4,0.0,0.4,0.2,0.0,1.0,3.4,0.12987012987012986,0.44155844155844154,3.2720199005568777,363
Serge Ibaka,6.3,11.8,3.8,0.7,0.2,0.9,0.6,7.1,15.6,0.6016949152542372,1.3220338983050846,15.42308015397958,167
Seth Curry,6.2,28.2,1.9,2.2,0.5,0.3,0.8,13.6,20.7,0.48226950354609927,0.7340425531914894,20.81047523300475,119
Shai Gilgeous-Alexander,7.0,39.9,5.3,4.1,1.0,0.4,2.1,16.3,30.9,0.4085213032581454,0.7744360902255639,30.935299056412177,59
Shake Milton,8.5,14.6,1.6,1.2,0.4,0.1,0.8,6.3,10.7,0.4315068493150685,0.732876712328767,10.71878750524924,236
Shaquille Harrison,8.5,4.0,0.6,0.7,0.3,0.2,0.3,1.2,4.0,0.3,1.0,4.166748370340805,342
Skylar Mays,4.5,3.4,0.4,0.3,0.4,0.0,0.0,1.0,3.1,0.29411764705882354,0.911764705882353,3.1277878445142973,370
Solomon Hill,10.5,8.2,1.2,0.3,0.1,0.0,0.0,1.4,3.7,0.17073170731707318,0.451219512195122,3.589041630185673,355
Spencer Dinwiddie,11.0,33.8,2.8,5.0,1.0,0.3,2.3,15.4,28.1,0.455621301775148,0.8313609467455623,27.87053171047158,71
Stanley Johnson,3.0,6.7,1.3,2.0,0.0,0.0,0.3,4.3,8.6,0.6417910447761194,1.2835820895522387,8.580859682112644,263
Stephen Curry,17.5,36.3,5.2,6.0,1.2,0.4,2.9,29.0,46.1,0.7988980716253444,1.2699724517906337,46.147722904845374,14
Sterling Brown,5.0,3.4,1.0,0.2,0.2,0.1,0.2,0.6,2.7,0.17647058823529413,0.7941176470588236,2.8035105293018447,387
Steven Adams,7.0,23.2,9.0,1.7,0.4,0.2,1.4,6.8,20.3,0.29310344827586204,0.8750000000000001,20.56313547242531,121
Svi Mykhailiuk,3.0,1.7,0.3,0.0,0.0,0.0,0.0,0.3,0.7,0.17647058823529413,0.4117647058823529,0.66158099137333,440
T.J. Leaf,3.0,2.3,1.0,0.0,0.0,0.0,0.0,2.0,3.2,0.8695652173913044,1.3913043478260871,3.201865689755072,366
T.J. McConnell,3.0,9.3,2.0,2.3,0.0,0.0,0.7,2.3,7.4,0.24731182795698922,0.7956989247311828,7.472015574301205,283
T.J. Warren,5.0,26.2,3.8,1.8,1.2,0.4,1.5,11.4,21.9,0.4351145038167939,0.8358778625954199,21.9539048948267,110
Tacko Fall,1.5,1.2,0.8,0.0,0.0,0.0,0.0,0.8,1.6,0.6666666666666667,1.3333333333333335,1.7689348439484245,418
Taj Gibson,5.0,27.6,7.0,0.8,1.6,1.0,0.6,5.0,21.8,0.18115942028985507,0.7898550724637681,21.78088183735283,116
Talen Horton-Tucker,3.0,10.2,3.0,0.2,0.6,0.0,0.4,6.8,12.3,0.6666666666666667,1.2058823529411766,12.096566993812228,209
Taurean Prince,5.0,16.5,1.5,1.0,0.5,0.2,0.9,6.9,11.4,0.4181818181818182,0.6909090909090909,11.402405852989666,225
Terance Mann,12.3,16.2,2.1,1.0,0.5,0.2,0.7,6.2,11.4,0.3827160493827161,0.7037037037037037,11.612239981064024,220
Terence Davis,5.0,14.2,2.2,1.4,0.2,0.0,0.8,6.6,11.3,0.4647887323943662,0.795774647887324,11.152334557161879,230
Terrance Ferguson,4.0,10.5,1.0,0.3,0.3,0.0,0.3,1.5,3.8,0.14285714285714285,0.3619047619047619,3.751592401503344,350
Terrence Ross,5.5,19.2,2.8,0.6,0.5,0.2,0.9,10.0,15.7,0.5208333333333334,0.8177083333333334,15.467480438379903,166
Thaddeus Young,6.0,14.5,3.0,1.7,0.8,0.2,0.5,3.3,12.0,0.2275862068965517,0.8275862068965517,11.946005010508845,214
Thanasis Antetokounmpo,7.7,2.8,0.4,0.1,0.2,0.1,0.1,0.4,1.7,0.14285714285714288,0.6071428571428572,1.825008817668669,416
Thomas Bryant,1.0,0.0,0.0,0.0,0.0,0.0,0.0,0.0,0.0,0.0,0.0,-0.002796874699892493,457
Tim Hardaway Jr.,6.5,35.7,3.4,1.6,0.4,0.0,0.7,17.4,24.2,0.4873949579831932,0.6778711484593837,24.428891208856527,89
Timothé Luwawu-Cabarrot,5.0,14.0,1.7,0.8,0.3,0.0,0.8,6.1,9.3,0.43571428571428567,0.6642857142857144,9.444097641293368,253
Tobias Harris,9.8,37.0,8.2,3.0,0.8,0.5,1.2,17.4,34.5,0.47027027027027024,0.9324324324324325,34.469038741141986,43
Tony Bradley,4.0,6.0,2.9,0.4,0.2,0.2,0.4,3.2,7.8,0.5333333333333333,1.3,8.088052033556373,272
Tony Snell,9.0,7.3,0.6,0.2,0.2,0.1,0.4,0.6,2.1,0.0821917808219178,0.28767123287671237,2.110869462996135,408
Torrey Craig,15.2,14.0,2.6,0.6,0.3,0.3,0.4,4.3,9.6,0.3071428571428571,0.6857142857142857,9.713051797032776,249
Trae Young,9.0,37.7,3.8,8.6,1.2,0.2,4.7,24.5,41.5,0.649867374005305,1.1007957559681696,41.47062921223186,26
Tremont Waters,2.0,2.0,0.5,0.8,0.2,0.0,0.4,0.6,2.6,0.3,1.3,2.6165555068673356,393
Trent Forrest,4.0,2.5,0.0,0.0,0.0,0.0,0.0,1.0,1.0,0.4,0.4,0.9914550506253397,433
Trevor Ariza,4.0,24.0,5.8,0.5,0.8,0.3,0.8,4.8,15.0,0.19999999999999998,0.625,15.01358121844604,176
Trey Burke,6.0,12.7,1.3,1.0,0.5,0.1,0.4,5.3,9.7,0.4173228346456693,0.7637795275590551,9.759036388812532,247
Trey Lyles,7.0,16.9,5.7,0.7,0.3,0.0,0.4,6.6,15.0,0.3905325443786982,0.8875739644970415,15.003536294429008,178
Trey Murphy III,6.0,20.0,2.5,0.5,0.5,0.2,0.2,5.2,10.8,0.26,0.54,10.860416435091471,233
Tristan Thompson,5.3,13.1,4.4,0.6,0.3,0.4,0.7,4.3,11.9,0.3282442748091603,0.9083969465648856,11.888175212094795,217
Troy Brown Jr.,7.5,11.3,2.4,1.0,0.4,0.0,0.5,2.9,8.1,0.2566371681415929,0.7168141592920353,7.979004523459127,275
Troy Daniels,6.0,5.0,0.5,0.3,0.0,0.0,0.0,2.7,3.8,0.54,0.76,3.749641815163115,351
Ty-Shon Alexander,1.0,1.0,0.0,0.0,0.0,0.0,0.0,2.0,2.0,2.0,2.0,1.9683859728809725,413
Tyler Cook,1.0,4.0,2.0,0.0,0.0,0.0,0.0,0.0,2.4,0.0,0.6,2.4205394854177116,400
Tyler Herro,10.2,25.3,3.6,2.6,0.3,0.4,1.4,12.5,21.6,0.49407114624505927,0.8537549407114625,21.442135523609323,118
Tyler Johnson,6.0,16.0,1.3,1.4,0.2,0.2,0.4,8.0,12.1,0.5,0.75625,12.47680817134214,205
Tyrese Maxey,11.7,30.6,3.4,2.5,0.8,0.4,1.0,15.9,26.4,0.5196078431372549,0.8627450980392156,26.346092707410776,79
Tyson Chandler,1.0,0.0,0.0,0.0,0.0,0.0,0.0,0.0,0.0,0.0,0.0,-0.002796874699892493,457
Tyus Jones,7.7,17.1,2.6,3.1,0.9,0.1,0.8,5.6,15.4,0.327485380116959,0.9005847953216374,15.565302105432181,165
Udoka Azubuike,1.0,1.0,1.0,0.0,0.0,0.0,0.0,0.0,1.2,0.0,1.2,1.236338980496811,424
Udonis Haslem,2.0,1.5,0.5,0.0,0.0,0.0,0.0,0.0,0.6,0.0,0.39999999999999997,0.6103844747098285,442
Vic Law,1.0,4.0,2.0,1.0,0.0,0.0,0.0,3.0,6.9,0.75,1.725,6.92632447438992,291
Victor Oladipo,7.0,25.9,3.4,1.9,1.5,0.3,2.1,13.3,23.5,0.5135135135135136,0.9073359073359074,23.505691536070238,98
Vincent Poirier,1.0,2.0,0.0,1.0,1.0,0.0,0.0,0.0,4.5,0.0,2.25,4.5347952386042065,331
Vlatko Čančar,4.0,3.6,0.7,0.3,0.1,0.1,0.4,1.6,2.9,0.4444444444444445,0.8055555555555555,3.0871380271534754,375
Wendell Moore Jr.,1.0,2.0,0.0,0.0,0.0,0.0,1.0,0.0,-1.0,0.0,-0.5,-1.023734891998855,459
Wenyen Gabriel,7.0,8.5,1.7,0.5,0.4,0.4,0.8,3.2,7.4,0.3764705882352941,0.8705882352941177,7.581269209569779,282
Wes Iwundu,5.0,15.2,2.2,0.8,0.6,0.4,0.6,4.2,10.4,0.27631578947368424,0.6842105263157895,10.439405074549997,241
Wesley Matthews,7.5,23.0,2.0,0.7,0.8,0.3,0.3,6.2,12.6,0.26956521739130435,0.5478260869565217,12.65222823781155,203
Will Barton,4.0,31.0,4.9,2.8,0.8,0.2,1.6,15.0,26.5,0.4838709677419355,0.8548387096774194,26.503179865872376,77
Willie Cauley-Stein,6.0,10.5,2.7,0.5,0.3,0.7,0.5,2.5,9.0,0.23809523809523808,0.8571428571428571,8.995703484795337,260
Willy Hernangómez,1.0,2.0,2.0,0.0,0.0,0.0,0.0,2.0,4.4,1.0,2.2,4.422914578800801,335
Xavier Tillman Sr.,6.0,17.3,4.1,1.4,0.6,0.3,0.7,4.6,13.4,0.2658959537572254,0.7745664739884393,13.623204723795073,194
Yogi Ferrell,9.0,1.7,0.3,0.3,0.0,0.0,0.0,0.4,1.2,0.23529411764705885,0.7058823529411765,1.2093699476044888,428
Yuta Watanabe,2.5,3.8,0.5,0.0,0.0,0.0,0.6,2.0,2.0,0.5263157894736842,0.5263157894736842,1.9898641139707096,411
Zach LaVine,4.0,38.3,5.3,6.0,0.8,0.3,3.0,19.3,35.0,0.503916449086162,0.9138381201044387,34.99593409150859,42
Zeke Nnaji,4.0,3.5,0.3,0.1,0.1,0.0,0.1,1.6,2.5,0.4571428571428572,0.7142857142857143,2.306326936291405,403
Ziaire Williams,7.0,9.9,1.0,0.5,0.2,0.0,0.4,4.1,6.5,0.4141414141414141,0.6565656565656566,6.249576275782951,300
