Player,Pos,G,MP,TRB,AST,STL,BLK,TOV,PTS,FantasyPoints,PPM,FPPM,Suggested_FantasyPoints,Suggested_FantasyPoints_Rank
Luka Dončić,PG,9.3,37.6,9.2,8.5,1.4,0.5,4.6,32.8,57.7,0.872340426,1.534574468,57.70010472,1
Nikola Jokić,C,13.5,36.2,12,6.5,1.1,0.9,3.5,28.8,55.6,0.79558011,1.535911602,55.4615251,2
Kawhi Leonard,SF,8.7,39.5,7.8,5.3,2.1,0.7,2.6,31,54.3,0.784810127,1.374683544,54.10477032,3
Giannis Antetokounmpo,PF,11.2,34.1,13,5.7,0.7,1,3.9,28,53.3,0.82111437,1.563049853,53.36993793,4
LeBron James,PF,14.3,37.4,9.3,7.8,1.3,0.8,3.6,25.1,50.5,0.671122995,1.35026738,50.66398356,5
Kevin Durant,PF,9,42.3,7.9,5.4,1.1,1.1,4.1,29.9,50,0.706855792,1.182033097,50.00186272,6
De'Aaron Fox,PG,7,38.6,5.4,7.7,2.1,0.6,4,27.4,49.5,0.70984456,1.28238342,49.51732611,7
Jayson Tatum,SF,16.5,39.6,8.2,5.3,1.1,1.2,3.1,27.3,49,0.689393939,1.237373737,48.90139891,8
Ja Morant,PG,6.3,38.5,6.5,8.3,1.4,0.2,3.5,27.3,49,0.709090909,1.272727273,48.87061865,9
Anthony Edwards,SG,5.5,38.8,4.6,4.1,1.5,1.6,2,28.4,47.3,0.731958763,1.219072165,47.3911536,10
Joel Embiid,C,8.5,36.2,10.8,2.4,0.9,1.6,3.7,26.4,46.7,0.729281768,1.290055249,46.77047852,11
Anthony Davis,C,14,34.5,10.1,2.9,1.1,2,1.9,22.6,46.4,0.655072464,1.344927536,46.47572447,12
Dejounte Murray,SG,5,38,7.2,6.8,2,0.2,2,23,46.4,0.605263158,1.221052632,46.44327202,13
Stephen Curry,PG,17.5,36.3,5.2,6,1.2,0.4,2.9,29,46.1,0.798898072,1.269972452,46.1477229,14
Damian Lillard,PG,5,38.6,3.9,7.2,0.8,0.5,2.8,29.3,45.8,0.759067358,1.186528497,45.93140405,15
Nikola Vučević,C,5,36.6,11.7,3.6,0.6,0.9,2.1,23.7,45.5,0.647540984,1.243169399,45.58273442,16
Donovan Mitchell,SG,7,38,4.6,5.8,1.2,0.4,3.4,29.3,45.1,0.771052632,1.186842105,44.94275261,17
Jimmy Butler,PF,16,38.4,7,5.9,1.8,0.5,2.1,22.8,44.9,0.59375,1.169270833,44.84033386,18
Jamal Murray,PG,19.5,39.8,5.2,6.8,1.2,0.3,2.6,26.3,44.7,0.66080402,1.123115578,44.65231322,19
James Harden,PG,11,37.9,6,8.3,1.4,0.6,3.5,22.2,44.5,0.585751979,1.17414248,44.3568124,20
Bradley Beal,SG,5,39,6.2,4.2,0.8,0.6,4,30,43.9,0.769230769,1.125641026,43.97261366,21
Devin Booker,SG,14.3,39.6,5.1,5.4,1,0.5,3.3,28.1,43.4,0.70959596,1.095959596,43.53935192,22
Brandon Ingram,SF,6,39.3,6.2,6.2,0.7,0.3,3.8,27,42.9,0.687022901,1.091603053,42.97962346,23
Russell Westbrook,PG,6,36.1,8.3,7.9,1,0.6,4,20.2,43.1,0.559556787,1.193905817,42.82878819,24
Paul George,SF,16,38.8,7.8,4.6,1.2,0.5,3.3,23.5,41.8,0.605670103,1.077319588,41.55970935,25
Trae Young,PG,9,37.7,3.8,8.6,1.2,0.2,4.7,24.5,41.5,0.649867374,1.100795756,41.47062921,26
Myles Turner,C,4,36.5,10.8,0.8,0.5,4,2.3,15.8,41.2,0.432876712,1.128767123,41.18925052,27
Kyrie Irving,PG,6.5,39.3,5.6,4.4,1.4,1,1.8,22,40.5,0.559796438,1.030534351,40.73939914,28
Jrue Holiday,PG,13.3,38.8,6,7.7,1.5,0.5,2.5,18.1,40.2,0.466494845,1.036082474,40.3531611,29
Domantas Sabonis,C,7,34.7,11,4.7,1.4,0.9,3.7,16.4,39.8,0.472622478,1.146974063,39.83834913,30
Pascal Siakam,PF,8.5,40.6,7.4,4.8,1.2,0.7,2.1,19.9,39.4,0.490147783,0.97044335,39.60129532,31
DeMar DeRozan,PF,5,40.6,5.4,4.8,1.8,0.4,2.2,20.8,38.9,0.512315271,0.958128079,38.88538631,32
Ben Simmons,PG,12,33.5,7.9,8.8,1.3,0.8,2.3,11.9,38.6,0.355223881,1.152238806,38.58408988,33
Chris Paul,PG,11.8,35.4,5,7.4,1.5,0.4,2.2,17.6,38.1,0.497175141,1.076271186,38.20248592,34
Karl-Anthony Towns,PF,5.5,36.5,10.5,2.1,0.6,1.4,4,20,37.9,0.547945205,1.038356164,37.76681023,35
Khris Middleton,SF,10,36.6,6.5,6.1,1.2,0.1,3.9,20.6,37.4,0.56284153,1.021857923,37.55190536,36
Jaylen Brown,SF,20.3,38.5,6.7,3.1,1.2,0.4,2.9,22.5,37.2,0.584415584,0.966233766,37.08091902,37
Fred VanVleet,PG,7.5,37,3.7,6.6,1.7,0.8,1.5,16.7,37,0.451351351,1,37.04734194,38
CJ McCollum,SG,5.7,39.4,6.2,4.1,0.7,0.6,2.5,22,37.2,0.558375635,0.944162437,37.03040228,39
Bam Adebayo,C,16,35.3,9.4,3.8,1,0.7,2.5,16.5,36.1,0.467422096,1.02266289,36.07860845,40
Rudy Gobert,C,7.2,35.2,12.3,1.1,0.4,1.4,1.4,14.6,35,0.414772727,0.994318182,35.04375891,41
Zach LaVine,SG,4,38.3,5.3,6,0.8,0.3,3,19.3,35,0.503916449,0.91383812,34.99593409,42
Tobias Harris,SF,9.8,37,8.2,3,0.8,0.5,1.2,17.4,34.5,0.47027027,0.932432432,34.46903874,43
Jonas Valančiūnas,C,5.5,31.2,12,2.8,0.6,0.4,2,14.8,34.6,0.474358974,1.108974359,34.42396521,44
Caris LeVert,SG,4.5,34.5,5.3,6,0.8,0.2,2.2,17.6,34.2,0.510144928,0.991304348,33.79515255,45
Jusuf Nurkić,C,5.5,30.5,10.4,3.2,1,0.7,2.4,13.7,33.3,0.449180328,1.091803279,33.68448993,46
Julius Randle,PF,7.5,34.5,10,3.8,0.6,0.2,4,17.3,33,0.501449275,0.956521739,33.41265315,47
Deandre Ayton,C,15,32.9,10.1,1.3,0.6,0.9,1.5,15.7,32.7,0.477203647,0.993920973,32.78211562,48
Scottie Barnes,PF,4,33.3,9,4.3,1,0.3,1.3,12.8,32.6,0.384384384,0.978978979,32.67343994,49
Malik Monk,SG,7,29.3,5.4,3.6,0.7,0.4,2,19,32.2,0.648464164,1.098976109,32.20237824,50
Jaren Jackson Jr.,C,7.7,30.6,6.7,1.1,0.9,1.9,1.7,15.7,32.2,0.513071895,1.052287582,32.09781686,51
Darius Garland,PG,5,37.8,1.8,5,1.6,0.2,3.6,20.6,32.1,0.544973545,0.849206349,32.05785876,52
Kristaps Porziņģis,C,5,32.3,7,1,0.6,0.8,0.7,18.4,32.2,0.569659443,0.996904025,31.83715592,53
Andrew Wiggins,SF,17.5,34.4,6.6,1.8,0.9,1.1,1.4,16.6,31.9,0.48255814,0.927325581,31.82345895,54
Malcolm Brogdon,PG,11.5,32.4,3.9,6.4,0.6,0.2,1.8,16.7,31.6,0.515432099,0.975308642,31.61229302,55
Draymond Green,PF,17,31.3,7,6.6,1.3,1,2.5,8.7,31.4,0.277955272,1.003194888,31.382061,56
Jarrett Allen,C,4.5,35.6,11.1,2.3,0.6,1.4,1.7,9.9,31.1,0.278089888,0.873595506,30.99745062,57
Marcus Smart,PG,15.8,36.2,4.5,5.4,1.2,0.3,2.6,15.6,31.1,0.430939227,0.859116022,30.99720068,58
Shai Gilgeous-Alexander,SG,7,39.9,5.3,4.1,1,0.4,2.1,16.3,30.9,0.408521303,0.77443609,30.93529906,59
Jalen Brunson,PG,12,30.5,4,3.6,0.8,0.1,1.3,19.1,30.6,0.626229508,1.003278689,30.71904473,60
RJ Barrett,SG,8,33.3,5.8,2.9,0.8,0.3,1.3,16.8,30.2,0.504504505,0.906906907,30.13518856,61
Austin Reaves,SG,16,36.2,4.4,4.6,0.6,0.2,1.6,16.9,29.9,0.466850829,0.825966851,29.90737204,62
Mikal Bridges,SG,13,36.6,4.8,2.8,0.9,0.7,1.2,16,29.5,0.43715847,0.806010929,29.57849068,63
Klay Thompson,SF,17.5,36,4,2.2,0.8,0.5,1.6,18.8,29.2,0.522222222,0.811111111,29.21212505,64
Eric Bledsoe,PG,9,29.7,4.6,5.9,1.2,0.7,2.6,11.7,29.2,0.393939394,0.983164983,29.1665142,65
Brook Lopez,C,12.5,31.5,5.9,0.7,0.9,1.5,1.4,14.6,28.6,0.463492063,0.907936508,28.53181606,66
Kyle Lowry,PG,14.7,31,4.5,5,1.3,0.7,2,11.6,28.3,0.374193548,0.912903226,28.48771827,67
Daniel Gafford,C,5,23.4,5.8,0.6,1,2,0.6,11.8,28.1,0.504273504,1.200854701,28.06436019,68
Mike Conley,PG,5.5,32,3,6,0.8,0.2,1.7,14.1,28.2,0.440625,0.88125,28.03111568,69
Kemba Walker,PG,10,33.6,4,4.6,0.6,0.2,2.3,16.2,27.9,0.482142857,0.830357143,28.02572603,70
Spencer Dinwiddie,PG,11,33.8,2.8,5,1,0.3,2.3,15.4,28.1,0.455621302,0.831360947,27.87053171,71
Al Horford,C,15.7,32.9,7.9,2.9,0.7,1.4,0.9,8.6,28,0.261398176,0.85106383,27.84119044,72
Evan Mobley,PF,5,37.6,10,2,0.6,1.2,2.4,9.8,27.8,0.260638298,0.739361702,27.82228849,73
Michael Porter Jr.,SF,16.3,29.9,7,1.2,0.8,0.4,1.1,14.1,26.7,0.471571906,0.892976589,26.80033224,74
Desmond Bane,SG,7.7,31.3,4.4,2.5,0.7,0.4,1.6,16,26.8,0.511182109,0.856230032,26.75172674,75
OG Anunoby,SF,8.5,36,5.4,1.8,1,0.7,1.6,13.9,26.7,0.386111111,0.741666667,26.59209453,76
Will Barton,SG,4,31,4.9,2.8,0.8,0.2,1.6,15,26.5,0.483870968,0.85483871,26.50317987,77
Bogdan Bogdanović,SG,9.3,28.7,4,2.8,1,0.5,1,13.9,26.2,0.484320557,0.912891986,26.40834516,78
Tyrese Maxey,SG,11.7,30.6,3.4,2.5,0.8,0.4,1,15.9,26.4,0.519607843,0.862745098,26.34609271,79
Aaron Gordon,PF,11.7,32.5,6.2,2.4,0.5,0.7,1.3,12.7,26.1,0.390769231,0.803076923,26.06352526,80
Dillon Brooks,SF,7.3,31.1,3.3,2.2,0.9,0.2,1.7,17,25.9,0.546623794,0.832797428,25.87379746,81
D'Angelo Russell,PG,11,31.2,2.7,5.6,1.1,0.2,2.3,12.6,25.8,0.403846154,0.826923077,25.84168161,82
Norman Powell,SG,7.3,31.4,2.5,1.7,0.7,0.6,1.3,17.4,25.6,0.554140127,0.815286624,25.57441766,83
Bojan Bogdanović,PF,8.5,35.6,4.2,1.6,0.6,0,2,18,25.3,0.505617978,0.710674157,25.26698357,84
Evan Fournier,SF,5,33.8,3.8,2,1.2,0.3,1.4,14.1,24.8,0.417159763,0.733727811,24.76971588,85
Markelle Fultz,PG,5,29.4,2.2,5.2,1,0.6,2.6,12,24.6,0.408163265,0.836734694,24.64785601,86
Kevon Looney,C,17.5,22.7,10.4,2.8,0.5,0.4,1,6.2,24.6,0.273127753,1.083700441,24.5810333,87
Jordan Clarkson,SG,8,28,3.2,1.6,0.7,0.2,1.6,17.2,24.5,0.614285714,0.875,24.55387653,88
Tim Hardaway Jr.,SG,6.5,35.7,3.4,1.6,0.4,0,0.7,17.4,24.2,0.487394958,0.677871148,24.42889121,89
Cam Reddish,SF,4,23,3.5,1.8,1.5,0.5,1.3,12.8,24.4,0.556521739,1.060869565,24.38329152,90
Mitchell Robinson,C,11,27.1,9.3,0.8,0.6,1.5,0.9,6.5,24.3,0.239852399,0.896678967,24.26664006,91
De'Andre Hunter,SF,5.3,34.2,4.5,0.8,0.6,0.4,1.7,16.2,23.9,0.473684211,0.698830409,24.12771593,92
Josh Hart,SF,11,32.1,7.4,2.2,0.8,0.3,1.9,10.4,24,0.323987539,0.747663551,23.98415262,93
Herbert Jones,PF,6,37.7,3.3,1.8,1.8,0.8,1.3,10.7,23.9,0.283819629,0.633952255,23.84839525,94
Gordon Hayward,SF,5,31.4,4,2.8,1.4,0.4,1.4,10.8,23.8,0.343949045,0.757961783,23.79774239,95
Bruce Brown,SF,12,28.1,4.6,2.3,1,0.6,1.5,11.3,23.6,0.402135231,0.839857651,23.56479823,96
Monte Morris,PG,11.3,27.1,2,4.5,0.9,0.1,0.9,12.3,23.7,0.453874539,0.874538745,23.56181078,97
Victor Oladipo,SG,7,25.9,3.4,1.9,1.5,0.3,2.1,13.3,23.5,0.513513514,0.907335907,23.50569154,98
Jordan Poole,PG,17.5,24.6,2.5,3.6,0.8,0.3,1.8,13.6,23.6,0.552845528,0.959349593,23.49173065,99
Kyle Anderson,PF,7,24.3,4.4,3.2,1.8,0.4,1,7.6,23.3,0.312757202,0.958847737,23.25311515,100
Patrick Williams,PF,5,30.6,5.4,0.8,1,0.6,1.4,11.8,22.9,0.385620915,0.748366013,22.88590777,101
Nic Claxton,C,6.7,21.5,5.7,1.2,0.6,1.7,0.5,7.8,22.9,0.362790698,1.065116279,22.85379252,102
D.J. Augustin,PG,5,25.6,2,6,0.2,0,2.4,13.2,22.8,0.515625,0.890625,22.83687747,103
Dennis Schröder,PG,9.7,30.4,2.9,3.1,0.9,0.2,1.8,13,22.4,0.427631579,0.736842105,22.6366629,104
Eric Gordon,SG,8.5,32,2,2.8,0.7,0.5,1.4,13.8,22.6,0.43125,0.70625,22.6224761,105
Bobby Portis,PF,12.3,21.5,7.7,0.9,0.6,0.4,0.9,9.7,22.2,0.451162791,1.03255814,22.38962397,106
Carmelo Anthony,PF,5.5,29.5,4.1,1.8,0.6,0.3,1.9,13.8,22.2,0.46779661,0.752542373,22.23875584,107
Rui Hachimura,PF,10.5,29.4,5.4,0.8,0.4,0.2,0.8,13.5,22.5,0.459183673,0.765306122,22.20485799,108
Dorian Finney-Smith,PF,8.8,33.5,5.6,2,1,0.4,1.4,9.6,22.2,0.286567164,0.662686567,22.12570992,109
T.J. Warren,SF,5,26.2,3.8,1.8,1.2,0.4,1.5,11.4,21.9,0.435114504,0.835877863,21.95390489,110
Kevin Huerter,SG,10,29.3,3.7,2.6,0.8,0.9,1.3,9.8,22,0.33447099,0.750853242,21.94865906,111
Derrick White,SG,21.5,27.6,3,2.4,0.8,0.8,1.1,11,21.7,0.398550725,0.786231884,21.89001806,112
Clint Capela,C,8.7,25.6,9,0.5,0.7,0.7,0.7,6.8,21.9,0.265625,0.85546875,21.85540402,113
Alec Burks,SG,4.5,24.7,4.4,2.2,0.2,0.4,0.8,12.2,22,0.493927126,0.890688259,21.81800468,114
John Collins,PF,9.7,27.9,5.9,1,0.4,0.6,1.3,11.5,21.7,0.41218638,0.777777778,21.79773457,115
Taj Gibson,C,5,27.6,7,0.8,1.6,1,0.6,5,21.8,0.18115942,0.789855072,21.78088184,116
Cameron Johnson,PF,12.7,27.9,4.1,1.7,0.7,0.2,1,12.5,21.7,0.448028674,0.777777778,21.67787861,117
Tyler Herro,SG,10.2,25.3,3.6,2.6,0.3,0.4,1.4,12.5,21.6,0.494071146,0.853754941,21.44213552,118
Seth Curry,SG,6.2,28.2,1.9,2.2,0.5,0.3,0.8,13.6,20.7,0.482269504,0.734042553,20.81047523,119
Justin Holiday,SF,4,32.8,3.8,0.8,1.5,1.3,0.8,7.3,20.7,0.222560976,0.631097561,20.65347053,120
Steven Adams,C,7,23.2,9,1.7,0.4,0.2,1.4,6.8,20.3,0.293103448,0.875,20.56313547,121
Keegan Murray,SF,7,27.7,6.3,0.7,0.6,0.3,0.6,9.7,20.4,0.350180505,0.736462094,20.42804277,122
Jerami Grant,PF,19,34.4,3.3,1.3,0.6,0.8,1.3,11.6,20.4,0.337209302,0.593023256,20.41721447,123
Royce O'Neale,SF,7,33.3,5.7,2.4,1,0.3,1,7,20.5,0.21021021,0.615615616,20.35049953,124
Larry Nance Jr.,PF,6,21.7,5.8,1.8,0.5,0.3,1,9.2,20.3,0.423963134,0.935483871,20.27493232,125
Rajon Rondo,PG,14.5,20.8,3.4,5.2,0.9,0.2,1.6,6.6,20,0.317307692,0.961538462,20.17030052,126
Robert Williams,C,13.2,17.7,5.3,0.9,0.4,1.8,0.6,6.4,20,0.361581921,1.129943503,20.11420677,127
Gary Clark,SF,5,28.8,5.6,1.4,1,0.4,0.4,7.4,20,0.256944444,0.694444444,20.03009752,128
Patrick Beverley,PG,10.3,24,3.2,2.9,1,0.8,1,7.4,19.7,0.308333333,0.820833333,19.98505875,129
Robert Covington,PF,6.7,25.2,4.6,1.2,1.3,0.9,0.8,6.8,19.9,0.26984127,0.78968254,19.9072799,130
Goran Dragić,PG,6.8,21.3,2.6,2.3,0.7,0.2,1.3,11.9,19.7,0.558685446,0.924882629,19.8752194,131
Luguentz Dort,SF,6,29.2,3.7,1,0.3,1,2.5,12.5,19.8,0.428082192,0.678082192,19.85950481,132
Danilo Gallinari,PF,10,25.8,4.5,0.9,0.4,0.1,1.3,12.7,19.6,0.492248062,0.759689922,19.66425193,133
Harrison Barnes,PF,7,28,3.4,0.7,1.1,0.3,0.4,10.7,19.6,0.382142857,0.7,19.63283971,134
Marcus Morris,PF,11.7,28.1,4.4,1,0.5,0.3,0.5,10.9,19.7,0.387900356,0.701067616,19.59806472,135
Jae Crowder,PF,15,26.1,4.4,1.8,0.8,0.5,0.8,8.5,19.2,0.325670498,0.735632184,19.57626207,136
Ivica Zubac,C,11.7,22.8,7.5,0.5,0.3,0.6,1.3,8.2,19.3,0.359649123,0.846491228,19.35680959,137
Lou Williams,PG,15.5,20.8,2.3,3.2,0.8,0.2,1.4,10.2,19.1,0.490384615,0.918269231,19.34822378,138
Reggie Bullock,SF,11.5,35.8,4,1.4,0.9,0.2,0.6,9.7,19.2,0.270949721,0.536312849,19.31439828,139
Jaden McDaniels,PF,6,21.7,2.8,0.7,0.3,1.8,1,9.3,19,0.428571429,0.875576037,19.02909232,140
James Ennis III,SG,5,23.8,5.8,1.2,1,0.4,1.2,7,18.8,0.294117647,0.789915966,18.75533045,141
Andre Drummond,C,4.5,18,7,0.4,1,0.7,1.8,6.4,18.8,0.355555556,1.044444444,18.68208189,142
Gary Trent Jr.,SG,5.5,31.9,1.8,1,0.9,0.2,0.8,12.4,18.8,0.388714734,0.589341693,18.57820756,143
P.J. Tucker,PF,16,29.8,5.6,1.5,1,0.2,0.6,6.2,18.3,0.208053691,0.61409396,18.16145086,144
Joe Ingles,SF,7.7,26.3,2.6,3.4,0.6,0.1,0.9,8.7,18.1,0.330798479,0.688212928,18.14011168,145
Kentavious Caldwell-Pope,SG,15.3,30.6,2.7,1.3,1.1,0.3,0.6,9.2,18,0.300653595,0.588235294,17.98247671,146
Joe Harris,SF,6,27.7,5,0.9,0.4,0.1,1,9.8,17.6,0.353790614,0.635379061,17.6738204,147
Kevin Love,PF,20,18,5.6,1.2,0.5,0.4,0.5,6.9,17.6,0.383333333,0.977777778,17.60953185,148
Josh Richardson,SG,5.5,24.7,2.7,2,0.4,0.2,1.4,10.9,17.6,0.441295547,0.712550607,17.56094165,149
Marc Gasol,C,8,19,4.1,2.8,0.6,0.7,1.2,5.6,17.6,0.294736842,0.926315789,17.42502033,150
Daniel Theis,C,16.5,20.4,5.2,1.1,0.4,0.8,0.8,6.6,17.3,0.323529412,0.848039216,17.28820819,151
Maxi Kleber,PF,10.3,28.6,4.9,1.3,0.3,0.7,0.5,6.9,17.2,0.241258741,0.601398601,17.25568252,152
Pat Connaughton,SF,12.2,22.3,4.4,1.2,0.5,0.3,0.5,8.1,16.9,0.3632287,0.757847534,17.08668327,153
Caleb Martin,SF,20,21.2,3.8,1,0.8,0.2,0.8,8.6,16.8,0.405660377,0.79245283,16.83861095,154
Hassan Whiteside,C,5.5,16,6.1,0.2,0.2,1.6,0.6,4.3,17,0.26875,1.0625,16.73906326,155
Derrick Rose,PG,3,19,2,3,0.2,0.1,0.8,9.7,16.7,0.510526316,0.878947368,16.73130376,156
Isaiah Hartenstein,C,11,20,4.6,1.3,0.8,1.4,0.5,3.1,16.7,0.155,0.835,16.6645406,157
Alex Caruso,SG,10.3,24.3,2.1,2.5,0.9,0.8,1,6.2,16.5,0.255144033,0.679012346,16.56663386,158
Jarred Vanderbilt,PF,10.5,19,5.2,0.8,1,0.6,0.8,5,16.1,0.263157895,0.847368421,16.42179359,159
Nicolas Batum,PF,12,23.8,3.8,1.6,0.8,0.4,0.4,6.2,16.9,0.260504202,0.710084034,16.36003873,160
Darius Bazley,PF,7,18,6.7,0.9,0,0.4,0.9,6.6,16.3,0.366666667,0.905555556,16.31296666,161
Gary Payton II,SG,12,16.4,3.4,1,1,0.6,0.7,6.6,16.1,0.402439024,0.981707317,16.25865989,162
De'Anthony Melton,SG,8.7,19.5,3.2,1.4,0.8,0.7,0.9,6.6,16.1,0.338461538,0.825641026,16.13421489,163
Kelly Olynyk,C,17,15.2,4.6,1.1,0.2,0.5,0.8,7.6,16.1,0.5,1.059210526,16.06815143,164
Tyus Jones,PG,7.7,17.1,2.6,3.1,0.9,0.1,0.8,5.6,15.4,0.32748538,0.900584795,15.56530211,165
Terrence Ross,SG,5.5,19.2,2.8,0.6,0.5,0.2,0.9,10,15.7,0.520833333,0.817708333,15.46748044,166
Serge Ibaka,C,6.3,11.8,3.8,0.7,0.2,0.9,0.6,7.1,15.6,0.601694915,1.322033898,15.42308015,167
Cameron Payne,PG,14,18,2,2.7,0.6,0.3,1.1,7.2,15.2,0.4,0.844444444,15.24316731,168
Mason Plumlee,C,12,14.5,5,1.6,0.3,0.4,0.6,5.3,15.1,0.365517241,1.04137931,15.20553664,169
Otto Porter Jr.,PF,19,19.5,3.4,1.8,0.9,0.3,0.6,5.4,15.2,0.276923077,0.779487179,15.15753301,170
Donte DiVincenzo,SG,8.7,19.3,4.2,2.2,0.8,0.3,1.4,4.9,15.2,0.25388601,0.787564767,15.13120601,171
Grayson Allen,SG,7.3,26.1,2.6,1.1,0.5,0.2,0.6,8.8,15,0.337164751,0.574712644,15.08899166,172
Brandon Clarke,PF,7,14.6,3.7,1,0.4,0.6,0.5,6.6,15.2,0.452054795,1.04109589,15.04837755,173
Gary Harris,SG,14,27.1,2,1.7,1.1,0.3,1.5,7.4,15,0.273062731,0.553505535,15.03050504,174
Saddiq Bey,SF,6,22.2,4,1,0.5,0,0.3,7.5,15,0.337837838,0.675675676,15.0166742,175
Trevor Ariza,SF,4,24,5.8,0.5,0.8,0.3,0.8,4.8,15,0.2,0.625,15.01358122,176
Delon Wright,SG,4.5,20.4,2.8,2.3,1,0.1,1.2,6.1,15.2,0.299019608,0.745098039,15.00416032,177
Trey Lyles,PF,7,16.9,5.7,0.7,0.3,0,0.4,6.6,15,0.390532544,0.887573964,15.00353629,178
DeMarcus Cousins,C,6,9.9,2.7,1,0.4,0.3,1,9.1,15,0.919191919,1.515151515,14.93651307,179
Danny Green,SG,11.2,21.6,2.6,1.2,0.9,0.6,0.7,6.1,14.9,0.282407407,0.689814815,14.80974018,180
Jose Alvarado,PG,6,19.5,1.3,1.5,1.2,0.2,1.2,8,14.8,0.41025641,0.758974359,14.79062217,181
Onyeka Okongwu,C,9.7,17.5,4.8,0.6,0.5,0.9,0.7,4.6,14.7,0.262857143,0.84,14.76001845,182
Anfernee Simons,SG,5,19.2,2.8,1.6,0.9,0.1,0.6,6.6,14.8,0.34375,0.770833333,14.75850121,183
Duncan Robinson,SF,15.2,21,2.2,1.2,0.5,0.1,0.7,9.2,14.8,0.438095238,0.704761905,14.73804339,184
Jabari Parker,PF,4,14.8,3.8,0.5,0,0.8,1.5,8.5,14.7,0.574324324,0.993243243,14.7252866,185
Marvin Williams,PF,10,17.9,4.8,0.9,0.5,0.3,0.3,5.5,14.7,0.30726257,0.82122905,14.71421381,186
Santi Aldama,PF,6,16.8,4.3,1.2,0.5,0,0.3,6.5,14.7,0.386904762,0.875,14.6700835,187
Coby White,PG,5,19.6,3.4,1.8,0.2,0,1.2,8.4,14.6,0.428571429,0.744897959,14.5999951,188
Jeff Green,PF,10.8,23.2,3.2,1.1,0.5,0.4,0.7,6.9,14.4,0.297413793,0.620689655,14.39695061,189
Bones Hyland,PG,5,16.9,1.4,2,0.5,0.1,1,8.9,14.4,0.526627219,0.852071006,14.38726585,190
Kyle Kuzma,SF,13.5,22.2,3.4,1,0.3,0.2,1,8.2,14.4,0.369369369,0.648648649,14.28611396,191
Quentin Grimes,SG,9,26.9,2.8,1.4,1,0.6,1.1,5.1,14.3,0.189591078,0.531598513,14.25276356,192
Dwight Howard,C,15,14,5.4,0.6,0.3,0.4,1,5.2,14,0.371428571,1,13.67275751,193
Xavier Tillman Sr.,C,6,17.3,4.1,1.4,0.6,0.3,0.7,4.6,13.4,0.265895954,0.774566474,13.62320472,194
Jock Landale,C,7,16.1,4,0.4,0.4,0.4,0.3,6.1,13.6,0.378881988,0.844720497,13.60814161,195
Boban Marjanović,C,4.3,12.2,4.9,0.6,0.1,0.2,0.7,6.6,13.6,0.540983607,1.114754098,13.59591693,196
Chris Boucher,SF,6.5,13.9,3.8,0.2,0.1,0.8,0.2,6.1,13.2,0.438848921,0.949640288,13.4774083,197
Davion Mitchell,PG,7,20,1.3,1.7,0.9,0.1,0.9,7.1,13.3,0.355,0.665,13.30327077,198
Kendrick Nunn,PG,9.5,19.6,1.8,1.4,0.4,0.1,0.8,8.2,13,0.418367347,0.663265306,13.16690337,199
Max Strus,SF,14.3,20.1,2.6,1.2,0.4,0.2,0.5,6.7,12.9,0.333333333,0.641791045,12.92205074,200
Reggie Jackson,PG,12.3,16.6,1.8,1.5,0.4,0.1,0.7,7.7,13.1,0.463855422,0.789156627,12.90951682,201
Nemanja Bjelica,C,8.5,12.5,2.3,1,0.6,0.3,0.2,6,12.9,0.48,1.032,12.75707697,202
Wesley Matthews,SF,7.5,23,2,0.7,0.8,0.3,0.3,6.2,12.6,0.269565217,0.547826087,12.65222824,203
Nickeil Alexander-Walker,SG,3,17.3,1.5,1.2,0.8,0.1,0.4,6.7,12.6,0.387283237,0.728323699,12.6019126,204
Tyler Johnson,SG,6,16,1.3,1.4,0.2,0.2,0.4,8,12.1,0.5,0.75625,12.47680817,205
Precious Achiuwa,C,4.5,15.9,3.4,0.5,0.1,0.8,1.4,6.2,12.2,0.389937107,0.767295597,12.34189681,206
Rodions Kurucs,PF,4,14.5,3.3,0.8,0.3,0.5,0.8,5.5,12.3,0.379310345,0.848275862,12.27070415,207
Obi Toppin,PF,8,14.4,3,0.5,0.4,0.2,0.6,6.7,12.3,0.465277778,0.854166667,12.25038354,208
Talen Horton-Tucker,SG,3,10.2,3,0.2,0.6,0,0.4,6.8,12.3,0.666666667,1.205882353,12.09656699,209
Nerlens Noel,C,6,16.2,4,0.3,0.6,0.6,0.6,3.8,12.2,0.234567901,0.75308642,12.04929651,210
Facundo Campazzo,PG,7,15.2,1.9,2.3,0.7,0.2,1,4.6,12.1,0.302631579,0.796052632,12.02535037,211
Blake Griffin,C,5,15,3.3,1.3,0.4,0.3,0.3,4.3,12.2,0.286666667,0.813333333,12.02294319,212
Paul Millsap,C,9.7,14.1,3.2,1.3,0.3,0.4,0.7,4.8,12,0.340425532,0.85106383,11.99399997,213
Thaddeus Young,PF,6,14.5,3,1.7,0.8,0.2,0.5,3.3,12,0.227586207,0.827586207,11.94600501,214
Danuel House Jr.,SF,7.3,18.6,3.4,0.7,0.3,0.1,0.6,6.2,11.9,0.333333333,0.639784946,11.94135494,215
Cedi Osman,SF,5,18.6,3,1,0.4,0.2,1,6,11.9,0.322580645,0.639784946,11.9087159,216
Tristan Thompson,C,5.3,13.1,4.4,0.6,0.3,0.4,0.7,4.3,11.9,0.328244275,0.908396947,11.88817521,217
Luke Kennard,SG,10,18,2.4,1,0.4,0,0.2,6.4,11.9,0.355555556,0.661111111,11.78735661,218
Derrick Favors,C,11,13.2,4.2,0.3,0.2,0.9,0.5,3.4,11.7,0.257575758,0.886363636,11.69473292,219
Terance Mann,SG,12.3,16.2,2.1,1,0.5,0.2,0.7,6.2,11.4,0.382716049,0.703703704,11.61223998,220
Brad Wanamaker,PG,17,16.1,2,1.8,0.7,0.2,1.1,4.9,11.6,0.304347826,0.720496894,11.57721195,221
Dāvis Bertāns,PF,11,18.6,2.1,0.3,0.4,0.3,0.2,6.7,11.4,0.360215054,0.612903226,11.57387544,222
JaKarr Sampson,PF,4,12.5,3.3,1,0.5,0,0.5,5,11.5,0.4,0.92,11.46402231,223
Mario Hezonja,PF,5,13.6,3.2,1.2,0.6,0,0.6,4.6,11.4,0.338235294,0.838235294,11.43968707,224
Taurean Prince,PF,5,16.5,1.5,1,0.5,0.2,0.9,6.9,11.4,0.418181818,0.690909091,11.40240585,225
Naz Reid,C,5,10.8,2.8,0,0.2,1.2,1,4.8,11.4,0.444444444,1.055555556,11.36520537,226
Immanuel Quickley,SG,6.5,18.6,1.5,1,0.6,0,1.2,7.4,11.2,0.397849462,0.602150538,11.29654565,227
JaVale McGee,C,10,9.7,3.4,0.6,0.2,0.8,0.6,3.9,11.4,0.402061856,1.175257732,11.28455694,228
Justin Anderson,SG,3,9.3,2.7,1,0,0.3,0.7,6.3,11.2,0.677419355,1.204301075,11.25629868,229
Terence Davis,SG,5,14.2,2.2,1.4,0.2,0,0.8,6.6,11.3,0.464788732,0.795774648,11.15233456,230
Grant Williams,PF,15.2,16.6,2.4,0.8,0.2,0.6,0.4,5,11,0.301204819,0.662650602,11.08178818,231
Isaac Okoro,SF,5,15,1.4,0.8,0.4,0.4,0.8,6.4,10.9,0.426666667,0.726666667,10.88395701,232
Trey Murphy III,SF,6,20,2.5,0.5,0.5,0.2,0.2,5.2,10.8,0.26,0.54,10.86041644,233
Garrett Temple,SG,2.5,18.2,1.9,1,0.4,0.2,0.8,6,10.7,0.32967033,0.587912088,10.7931101,234
Paul Reed,C,8.7,9.9,4,0.5,0.4,0.4,0.4,3.2,10.8,0.323232323,1.090909091,10.75072506,235
Shake Milton,SG,8.5,14.6,1.6,1.2,0.4,0.1,0.8,6.3,10.7,0.431506849,0.732876712,10.71878751,236
Kevin Knox,SF,1.5,4.2,1,0.5,0.5,0.5,0.8,6.5,10.7,1.547619048,2.547619048,10.64123673,237
Austin Rivers,SG,7.8,20.3,1.5,1.2,0.6,0.2,0.7,5.2,10.5,0.256157635,0.517241379,10.50198122,238
Matisse Thybulle,SG,8.3,17.4,1.4,0.4,1,0.7,0.3,3.4,10.2,0.195402299,0.586206897,10.46338716,239
Ayo Dosunmu,SG,5,17.2,2.6,2.2,0.2,0,0.6,4,10.4,0.23255814,0.604651163,10.44095545,240
Wes Iwundu,SF,5,15.2,2.2,0.8,0.6,0.4,0.6,4.2,10.4,0.276315789,0.684210526,10.43940507,241
Andre Iguodala,SF,10.7,15.3,2.2,1.5,0.6,0.5,0.9,3.1,10.3,0.202614379,0.673202614,10.3805768,242
Ish Smith,PG,4.5,12.6,1.8,1.5,0.7,0.2,0.5,3.6,10.3,0.285714286,0.817460317,10.20783369,243
George Hill,PG,9,19.7,1.6,1.7,0.4,0.1,0.9,5.1,10.4,0.258883249,0.527918782,10.17652626,244
Gabe Vincent,PG,11,14.7,0.9,1.8,0.4,0.1,0.8,5.6,10.3,0.380952381,0.700680272,10.07731881,245
Lonnie Walker IV,SG,13,13.8,0.9,0.8,0.5,0.1,0.3,6.2,10,0.449275362,0.724637681,9.96938356,246
Trey Burke,PG,6,12.7,1.3,1,0.5,0.1,0.4,5.3,9.7,0.417322835,0.763779528,9.759036389,247
Jordan McLaughlin,PG,3.5,11.8,1.7,2.2,0.5,0,0.2,3.1,9.7,0.262711864,0.822033898,9.750905224,248
Torrey Craig,PF,15.2,14,2.6,0.6,0.3,0.3,0.4,4.3,9.6,0.307142857,0.685714286,9.713051797,249
JaMychal Green,PF,8.8,14.2,3,0.6,0.1,0.2,0.4,4.7,9.7,0.330985915,0.683098592,9.710630505,250
Romeo Langford,SG,5.5,17,1.4,0.8,0.4,0.2,0.3,5.2,9.9,0.305882353,0.582352941,9.590538385,251
Chris Chiozza,PG,5,9.8,0.8,2.2,0.8,0,0.5,3.3,9.4,0.336734694,0.959183673,9.453056181,252
Timothé Luwawu-Cabarrot,SF,5,14,1.7,0.8,0.3,0,0.8,6.1,9.3,0.435714286,0.664285714,9.444097641,253
Khem Birch,C,5.5,14.2,3.2,1,0.2,0.1,0.8,3.9,9.4,0.274647887,0.661971831,9.350106682,254
Jaxson Hayes,C,6,13.8,2.5,0.2,0,0.3,0.7,5.8,9.3,0.420289855,0.673913043,9.312739268,255
Dario Šarić,C,14,10.5,2.5,1,0.1,0.1,0.4,4.5,9.2,0.428571429,0.876190476,9.19900937,256
Landry Shamet,SG,11.8,17.6,1.7,1.1,0.4,0.1,0.6,4.6,9.2,0.261363636,0.522727273,9.188849707,257
Bismack Biyombo,C,8.5,9.7,2.8,0.7,0,0.8,0.8,3.1,9.1,0.319587629,0.93814433,9.119497992,258
Malik Beasley,SG,8.5,14,2,0.4,0.2,0.1,0.7,5.8,9,0.414285714,0.642857143,9.001947461,259
Willie Cauley-Stein,C,6,10.5,2.7,0.5,0.3,0.7,0.5,2.5,9,0.238095238,0.857142857,8.995703485,260
Montrezl Harrell,C,6.3,10.7,2,0.1,0.3,0.2,0.5,5.4,8.9,0.504672897,0.831775701,8.947803757,261
David Roddy,PF,6,12.7,2.8,0.7,0,0.3,0.2,3.8,8.9,0.299212598,0.700787402,8.929106517,262
Stanley Johnson,PF,3,6.7,1.3,2,0,0,0.3,4.3,8.6,0.641791045,1.28358209,8.580859682,263
Hamidou Diallo,SF,3,8.3,2,0.3,0,0.7,0.7,4.3,8.6,0.518072289,1.036144578,8.562654072,264
Christian Braun,SG,19,13,2.1,0.6,0.6,0.2,0.5,3.2,8.5,0.246153846,0.653846154,8.493755414,265
Moses Moody,SG,12.5,10.8,1.6,0.5,0.3,0.2,0.2,4.5,8.6,0.416666667,0.796296296,8.463600501,266
Payton Pritchard,PG,13,10.7,1.4,1.7,0.3,0,0.5,3.8,8.5,0.355140187,0.794392523,8.424903363,267
Emmanuel Mudiay,PG,3,11.3,2,0.7,0,0.3,0.3,4.3,8.3,0.380530973,0.734513274,8.369669651,268
Aaron Holiday,PG,3.7,8.4,0.6,1.7,0.5,0.1,0.7,3.8,8,0.452380952,0.952380952,8.167263373,269
Patrick Patterson,PF,2,5,0.5,2,0,0,0,4.5,8.1,0.9,1.62,8.121642252,270
Mike James,PG,9,11.4,1.8,1.3,0.2,0,0.3,3.7,8.1,0.324561404,0.710526316,8.115463497,271
Tony Bradley,C,4,6,2.9,0.4,0.2,0.2,0.4,3.2,7.8,0.533333333,1.3,8.088052034,272
Jaylen Hoard,PF,3,13.7,3,0.3,0,0,0.7,4.7,8,0.343065693,0.583941606,8.0668291,273
Kyle Korver,SF,10,11.9,0.8,0.1,0.3,0.1,0.5,6.2,8,0.521008403,0.672268908,8.001156095,274
Troy Brown Jr.,SF,7.5,11.3,2.4,1,0.4,0,0.5,2.9,8.1,0.256637168,0.716814159,7.979004523,275
Josh Minott,SF,1,6,0,0,2,1,1,0,8,0,1.333333333,7.959041839,276
Bryn Forbes,SG,12.5,14.4,1,0.8,0.2,0,0.4,5.3,8,0.368055556,0.555555556,7.899714699,277
Georges Niang,PF,10.2,14.7,1.4,0.6,0.1,0.1,0.5,5.2,7.8,0.353741497,0.530612245,7.885646327,278
Džanan Musa,SF,3,13,1,1.3,0,0.3,1,4.7,7.8,0.361538462,0.6,7.766396405,279
Jaylen Nowell,SG,3,12.2,0.5,0.8,0.5,0,0.2,4.6,7.7,0.37704918,0.631147541,7.70223602,280
Enes Freedom,C,8,10.2,3.2,0.3,0,0.2,0.5,3.2,7.7,0.31372549,0.754901961,7.598542211,281
Wenyen Gabriel,C,7,8.5,1.7,0.5,0.4,0.4,0.8,3.2,7.4,0.376470588,0.870588235,7.58126921,282
T.J. McConnell,PG,3,9.3,2,2.3,0,0,0.7,2.3,7.4,0.247311828,0.795698925,7.472015574,283
Dwight Powell,C,12.5,10.6,2.2,0.6,0.2,0.2,0.3,3,7.4,0.283018868,0.698113208,7.436906324,284
Jeremiah Martin,PG,3,9,1,1.3,0,0.3,0.7,4,7.4,0.444444444,0.822222222,7.364194818,285
Devonte' Graham,PG,6,10,1.5,0.7,0.2,0.2,0.7,4,7.3,0.4,0.73,7.350888751,286
Javonte Green,SF,3,10.2,2,0.2,0.9,0,0.4,2.2,7.2,0.215686275,0.705882353,7.184816248,287
Alex Len,C,6,8,2.6,0.2,0.1,0.2,0.6,3.4,7.1,0.425,0.8875,7.122997346,288
Frank Kaminsky,C,10,6.8,1.4,1.4,0.2,0.3,0.4,2.2,7.1,0.323529412,1.044117647,7.083821352,289
Dewayne Dedmon,C,6.3,9.7,2.8,0.4,0,0.2,1,3.4,7.2,0.350515464,0.742268041,6.965155474,290
Vic Law,PF,1,4,2,1,0,0,0,3,6.9,0.75,1.725,6.926324474,291
Jarrett Culver,SG,3,7.3,2.3,0.3,0.7,0,0.7,2.3,6.9,0.315068493,0.945205479,6.898358431,292
Raul Neto,PG,3,13,1.2,1,0.3,0,0.6,3.6,6.9,0.276923077,0.530769231,6.847878006,293
Robin Lopez,C,3.3,8.2,1.2,0,0,0.3,0.2,4.5,6.5,0.548780488,0.792682927,6.648714738,294
Jonathan Kuminga,PF,13,7.4,1.3,0.5,0.2,0,0.6,4.3,6.8,0.581081081,0.918918919,6.594482383,295
Markus Howard,SG,9,12.4,0.8,0.4,0,0.1,0,4.7,6.6,0.379032258,0.532258065,6.570318304,296
Juancho Hernangómez,PF,6,9.3,2,0.8,0.3,0,0.3,2.3,6.5,0.247311828,0.698924731,6.502864102,297
Greg Monroe,C,2,3.5,1,0.5,1,0,0.5,2,6.4,0.571428571,1.828571429,6.440811039,298
Rondae Hollis-Jefferson,PF,5,7.5,1.8,0.3,0.3,0.2,0.1,2.4,6.4,0.32,0.853333333,6.413535876,299
Ziaire Williams,SF,7,9.9,1,0.5,0.2,0,0.4,4.1,6.5,0.414141414,0.656565657,6.249576276,300
Donta Hall,C,3,6.7,1.7,0,0,0.7,0.3,2.3,6.1,0.343283582,0.910447761,6.154602788,301
Naji Marshall,SF,6,9.3,1,0.8,0.2,0.2,0.5,3,6.1,0.322580645,0.655913978,6.102067333,302
Norvel Pelle,C,1,7,0,0,1,1,0,0,6,0,0.857142857,5.993601612,303
Ben McLemore,SG,7.5,10.4,1.4,0.4,0.4,0,0.3,2.8,5.8,0.269230769,0.557692308,5.973599991,304
E'Twaun Moore,SG,7,6.6,1.4,1.3,0.1,0,0.4,2.4,5.9,0.363636364,0.893939394,5.936406072,305
John Konchar,SF,4.7,6.6,1.8,0.5,0.3,0.5,0.1,0.6,5.7,0.090909091,0.863636364,5.820826037,306
Cody Zeller,C,21,8.3,2.3,0.3,0.1,0.2,0.6,2.2,5.7,0.265060241,0.686746988,5.689889014,307
Jalen McDaniels,SF,8,12.8,2,0.6,0.1,0,0.4,2.4,5.6,0.1875,0.4375,5.607081926,308
DeAndre Jordan,C,3.5,6.9,1.6,0.3,0,0.5,0.6,2.3,5.6,0.333333333,0.811594203,5.580198781,309
Furkan Korkmaz,SG,7,9.2,1.3,0.4,0.2,0.1,0.4,2.9,5.8,0.315217391,0.630434783,5.559727037,310
Kris Dunn,PG,5,6.6,1,1,0.4,0.4,0.8,1.2,5.5,0.181818182,0.833333333,5.498340131,311
Aaron Nesmith,SF,10,9.2,1.8,0.2,0.2,0.2,0.2,2,5.4,0.217391304,0.586956522,5.457326157,312
Markieff Morris,PF,8.7,10.3,1.7,0.6,0.1,0.1,0.8,2.7,5.6,0.262135922,0.54368932,5.438929672,313
B.J. Johnson,SF,1,4,2,0,0,0,0,3,5.4,0.75,1.35,5.412553226,314
PJ Dozier,SF,7.5,6.2,1.1,0.5,0.1,0.1,0.4,3,5.3,0.483870968,0.85483871,5.267520157,315
Michael Kidd-Gilchrist,PF,6,9.2,1,0.5,0.2,0.2,0.2,2.3,5.2,0.25,0.565217391,5.253396728,316
Day'Ron Sharpe,C,1.5,5,1.5,1.2,0,0.2,0.5,1.5,5.4,0.3,1.08,5.222551064,317
Ersan İlyasova,PF,2,5.4,0.6,0,0.4,0,0.2,3.5,5.2,0.648148148,0.962962963,5.21078027,318
Jaylen Adams,PG,3,7,1,0.7,0.3,0,0,2,5.2,0.285714286,0.742857143,5.156488456,319
Josh Okogie,SG,5.5,9.8,1,0.6,0.3,0.1,0.2,2,5.3,0.204081633,0.540816327,5.102618585,320
Chandler Hutchison,SF,2,9,1.5,0.5,0,0,0.5,3,5,0.333333333,0.555555556,5.061538342,321
Derrick Jones Jr.,PF,7.3,7.8,0.7,0.3,0.4,0.1,0.2,2.4,4.9,0.307692308,0.628205128,4.98068837,322
Bol Bol,PF,3.5,3.6,0.8,0.4,0.2,0.2,0.2,2.4,5.1,0.666666667,1.416666667,4.965355202,323
Josh Reaves,SF,2,4.5,1,0.5,0,0.5,0.5,2,5,0.444444444,1.111111111,4.964304756,324
Damion Lee,SG,12,9.4,1.5,0.5,0.2,0,0.2,2,4.9,0.212765957,0.521276596,4.944066383,325
Reggie Perry,PF,5,4.4,1.2,0.2,0.2,0,0.6,3.2,4.9,0.727272727,1.113636364,4.929204031,326
Chris Clemons,SG,2,4,1,0,0,0,0,3.5,4.7,0.875,1.175,4.701311136,327
Haywood Highsmith,PF,13,6.4,1,0.4,0.3,0,0.2,2.2,4.7,0.34375,0.734375,4.684752426,328
Jalen Johnson,SF,4,6.9,1.2,0.6,0.2,0,0.6,2.2,4.7,0.31884058,0.68115942,4.540150709,329
Miye Oni,SG,5,6,1.2,0,0.3,0.2,0.2,1.8,4.6,0.3,0.766666667,4.537821714,330
Vincent Poirier,C,1,2,0,1,1,0,0,0,4.5,0,2.25,4.534795239,331
Doug McDermott,PF,4,13.5,0.8,0.3,0.3,0,0.3,2.5,4.5,0.185185185,0.333333333,4.515401741,332
Langston Galloway,SG,2,7.5,1,0.5,0,0.5,0,1,4.4,0.133333333,0.586666667,4.470136675,333
Eric Paschall,PF,4,6,1.3,0,0.3,0,0,2,4.5,0.333333333,0.75,4.459573425,334
Willy Hernangómez,C,1,2,2,0,0,0,0,2,4.4,1,2.2,4.422914579,335
Jevon Carter,PG,7.3,9,0.9,0.8,0.3,0,0.2,1.4,4.6,0.155555556,0.511111111,4.379688448,336
Lamar Stevens,SF,2,4.5,1.5,0,0,0,0,2.5,4.3,0.555555556,0.955555556,4.308519059,337
Bruno Caboclo,C,2,3.5,1.5,0,0.5,0,0,1,4.3,0.285714286,1.228571429,4.306544634,338
Meyers Leonard,C,2.5,6.4,0.4,0.5,0.2,0,0,2.4,4,0.375,0.625,4.233211033,339
Patty Mills,PG,2.5,11.5,0.5,0,0,0.2,0.2,3.2,4,0.27826087,0.347826087,4.213638323,340
Mike Scott,PF,4.5,5.9,1.3,0.4,0.1,0.1,0,1.4,4.2,0.237288136,0.711864407,4.169597687,341
Shaquille Harrison,SG,8.5,4,0.6,0.7,0.3,0.2,0.3,1.2,4,0.3,1,4.16674837,342
Charles Bassey,C,3,4,1.7,0.3,0,0.3,0,0.7,4.1,0.175,1.025,4.11366753,343
Antonius Cleveland,SG,2,4.5,0.5,0,0.5,0,0,2,4.1,0.444444444,0.911111111,4.093048136,344
Dion Waiters,SG,5,7.6,0.4,0.4,0.2,0.2,0.2,2,4.1,0.263157895,0.539473684,4.08103358,345
Abdel Nader,SF,4,7,1,0,0.2,0.4,0,1,3.8,0.142857143,0.542857143,4.005676803,346
Jeff Teague,PG,16,7.4,0.5,0.8,0.2,0,0.4,2,4,0.27027027,0.540540541,3.982456546,347
Elijah Bryant,SG,11,4.5,1.1,0.4,0.2,0.1,0.2,1.3,3.9,0.288888889,0.866666667,3.913945777,348
Cassius Winston,PG,1,5,2,1,0,0,2,2,3.9,0.4,0.78,3.896892708,349
Terrance Ferguson,SF,4,10.5,1,0.3,0.3,0,0.3,1.5,3.8,0.142857143,0.361904762,3.751592402,350
Troy Daniels,SG,6,5,0.5,0.3,0,0,0,2.7,3.8,0.54,0.76,3.749641815,351
Mike Muscala,C,4,6.8,1.4,0.4,0,0,0.1,1.5,3.5,0.220588235,0.514705882,3.689837417,352
Jordan Nwora,SF,6.5,4.4,1.1,0.2,0,0.1,0.1,1.8,3.6,0.409090909,0.818181818,3.622706709,353
Mamadi Diakite,PF,7,5,1,0,0.4,0.1,0.1,1,3.6,0.2,0.72,3.592515153,354
Solomon Hill,PF,10.5,8.2,1.2,0.3,0.1,0,0,1.4,3.7,0.170731707,0.451219512,3.58904163,355
DeMarre Carroll,C,2,3,1.5,0.5,0,0,0,1,3.6,0.333333333,1.2,3.573369394,356
Dalano Banton,PG,4,2,0.5,0.3,0.3,0,0.3,1.8,3.4,0.9,1.7,3.444664001,357
Quinn Cook,PG,6,4,0.2,0.8,0,0,0.2,2.2,3.4,0.55,0.85,3.439241577,358
Lance Thomas,PF,3,5.7,1,0,0,0.3,0,1.3,3.4,0.228070175,0.596491228,3.411420751,359
Gorgui Dieng,C,2,5,1.5,0,0,0,0,1.5,3.3,0.3,0.66,3.310813835,360
Elfrid Payton,PG,2,5.2,0,1,0.2,0,0,1.2,3.5,0.230769231,0.673076923,3.310174228,361
Nicolò Melli,PF,3,6.3,2,0,0.3,0,0,0,3.3,0,0.523809524,3.306684551,362
Semi Ojeleye,PF,7.5,7.7,0.4,0,0.4,0.2,0,1,3.4,0.12987013,0.441558442,3.272019901,363
Paul Watson,SF,2,4.5,0,0.5,0.5,0,0,1,3.2,0.222222222,0.711111111,3.247470108,364
Kenneth Lofton Jr.,PF,4,3,0.8,0.3,0,0,0,1.8,3.2,0.6,1.066666667,3.214651525,365
T.J. Leaf,PF,3,2.3,1,0,0,0,0,2,3.2,0.869565217,1.391304348,3.20186569,366
Frank Ntilikina,SG,7.5,5.9,0.5,0.4,0.4,0,0.2,1,3.1,0.169491525,0.525423729,3.18924299,367
Rodney McGruder,SG,5,3.2,0.8,0.4,0,0,0,1.6,3.2,0.5,1,3.166017993,368
Matt Thomas,SG,6.5,5.4,0.8,0.4,0,0,0,1.6,3.3,0.296296296,0.611111111,3.164740426,369
Skylar Mays,SG,4.5,3.4,0.4,0.3,0.4,0,0,1,3.1,0.294117647,0.911764706,3.127787845,370
Max Christie,SG,9,3.7,0.8,0.3,0,0.1,0,1.4,3.1,0.378378378,0.837837838,3.110506467,371
Ricky Rubio,PG,3,5.7,2,1,0.3,0,1.7,0,3.1,0,0.543859649,3.09421226,372
MarJon Beauchamp,SF,2,2.5,0.5,0,0,0,0,2.5,3.1,1,1.24,3.093927861,373
Juwan Morgan,PF,6,5.7,1.4,0.4,0.1,0,0,0.5,3.1,0.087719298,0.543859649,3.087569869,374
Vlatko Čančar,PF,4,3.6,0.7,0.3,0.1,0.1,0.4,1.6,2.9,0.444444444,0.805555556,3.087138027,375
Omer Yurtseven,C,8.5,3.1,0.7,0.2,0,0.1,0,1.6,3,0.516129032,0.967741935,3.038012127,376
Marquese Chriss,PF,8,3.8,1.1,0,0,0,0.1,1.8,3,0.473684211,0.789473684,3.015185537,377
Malcolm Miller,SF,1,5,0,0,0,0,0,3,3,0.6,0.6,3.000077626,378
Jaden Springer,SG,4.5,3.4,0.4,0.2,0.2,0,0.2,1.8,2.8,0.529411765,0.823529412,2.970854961,379
Alize Johnson,PF,3,2.3,1.3,0,0.3,0,0.3,0.8,3,0.347826087,1.304347826,2.967948758,380
Anthony Lamb,SF,6,5.2,1,0,0.2,0.2,0.3,0.8,2.9,0.153846154,0.557692308,2.897281549,381
Luca Vildoza,PG,7,2.4,0.3,0.6,0.3,0,0,0.7,2.9,0.291666667,1.208333333,2.866078601,382
Sam Merrill,SG,8,3.8,0.6,0.1,0.5,0,0.1,0.6,2.9,0.157894737,0.763157895,2.858761247,383
Luke Kornet,C,6.3,2.9,1.1,0,0,0,0,1.5,2.9,0.517241379,1,2.821394915,384
Dean Wade,PF,2,5.5,1.5,0,0,0,0,1,2.8,0.181818182,0.509090909,2.811805451,385
Jarrell Brantley,PF,2,4,1.2,0.5,0,0.2,0.5,0.5,3,0.125,0.75,2.805750678,386
Sterling Brown,SG,5,3.4,1,0.2,0.2,0.1,0.2,0.6,2.7,0.176470588,0.794117647,2.803510529,387
Justise Winslow,SF,1,3,1,1,0,0,0,0,2.7,0,0.9,2.731595616,388
J.R. Smith,SG,10,7.5,0.3,0.3,0.2,0,0.7,2,2.7,0.266666667,0.36,2.693474113,389
Ish Wainright,SF,6.5,3.6,0.9,0,0,0.2,0.2,1.2,2.8,0.333333333,0.777777778,2.681727776,390
Peyton Watson,SG,5,2.8,0.8,0.2,0,0.2,0.2,1,2.7,0.357142857,0.964285714,2.66778956,391
Nassir Little,PF,3,3,0.3,0,0,0.3,0.3,1.7,2.7,0.566666667,0.9,2.659252194,392
Tremont Waters,PG,2,2,0.5,0.8,0.2,0,0.4,0.6,2.6,0.3,1.3,2.616555507,393
Mo Bamba,C,3,3.3,1,0.3,0,0.3,0,0,2.6,0,0.787878788,2.573318931,394
Sam Hauser,SF,11,4.5,0.6,0.3,0,0,0,1.4,2.8,0.311111111,0.622222222,2.565563817,395
Edmond Sumner,SG,2,8.8,1,0.5,0,0,0.4,1,2.6,0.113636364,0.295454545,2.56201853,396
Juan Toscano-Anderson,SF,14,3.5,0.7,0.6,0.1,0.1,0.6,0.8,2.5,0.228571429,0.714285714,2.526465552,397
Axel Toupane,SF,4,2.5,1,0,0,0,0,1.3,2.5,0.52,1,2.504059237,398
Michael Frazier,SG,4,3,1,0.5,0,0,0.3,0.8,2.4,0.266666667,0.8,2.458492936,399
Tyler Cook,SF,1,4,2,0,0,0,0,0,2.4,0,0.6,2.420539485,400
Justin Jackson,SF,4,4.2,0.7,0.1,0.1,0,0.1,1.2,2.4,0.285714286,0.571428571,2.390130429,401
Keita Bates-Diop,SF,5,4.8,1.2,0.2,0,0,0,0.6,2.3,0.125,0.479166667,2.347847022,402
Zeke Nnaji,PF,4,3.5,0.3,0.1,0.1,0,0.1,1.6,2.5,0.457142857,0.714285714,2.306326936,403
Isaac Bonga,SF,2.5,2.8,0.5,0,0,0.2,0,1,2,0.357142857,0.714285714,2.205353924,404
Carsen Edwards,SG,1.5,2.8,0.8,0,0,0,0,1.2,2.2,0.428571429,0.785714286,2.166191163,405
Nathan Knight,C,4,2.4,0.8,0,0,0.2,0.2,0.8,2,0.333333333,0.833333333,2.16500093,406
Garrison Mathews,SG,3,5.7,0.7,0,0,0,0,1.3,2.1,0.228070175,0.368421053,2.145296219,407
Tony Snell,SG,9,7.3,0.6,0.2,0.2,0.1,0.4,0.6,2.1,0.082191781,0.287671233,2.110869463,408
Josh Green,SG,8.5,5.8,0.4,0.2,0.2,0,0,0.7,1.9,0.120689655,0.327586207,2.072503081,409
CJ Elleby,SF,2,4,1.5,0.5,0,0,0.5,0,2,0,0.5,2.06318339,410
Yuta Watanabe,SF,2.5,3.8,0.5,0,0,0,0.6,2,2,0.526315789,0.526315789,1.989864114,411
J.J. Barea,PG,1,5,0,0,0,0,1,3,2,0.6,0.4,1.985513977,412
Ty-Shon Alexander,SG,1,1,0,0,0,0,0,2,2,2,2,1.968385973,413
Jalen Smith,PF,6,3,0.8,0.2,0,0,0.2,0.8,1.9,0.266666667,0.633333333,1.860531835,414
Cam Thomas,SG,1.5,4,0.2,0.2,0,0,0.2,1.5,1.9,0.375,0.475,1.840764765,415
Thanasis Antetokounmpo,PF,7.7,2.8,0.4,0.1,0.2,0.1,0.1,0.4,1.7,0.142857143,0.607142857,1.825008818,416
Nik Stauskas,SG,13,1.8,0.3,0.3,0,0,0,1,1.8,0.555555556,1,1.797914362,417
Tacko Fall,C,1.5,1.2,0.8,0,0,0,0,0.8,1.6,0.666666667,1.333333333,1.768934844,418
Malachi Flynn,PG,6,6,0.5,0.5,0.2,0,0.2,0,1.8,0,0.3,1.749488504,419
Amir Coffey,SF,4.7,1.6,0.1,0.5,0.1,0,0,0.5,1.6,0.3125,1,1.678461152,420
Patrick Baldwin Jr.,SF,3,3.7,1,0.3,0,0,0,0,1.6,0,0.432432432,1.663323737,421
Nigel Williams-Goss,PG,1,2,0,1,0,0,0,0,1.5,0,0.75,1.526452448,422
Daniel Oturu,C,8,1.9,0.5,0,0,0.1,0,0.6,1.5,0.315789474,0.789473684,1.499293534,423
Udoka Azubuike,C,1,1,1,0,0,0,0,0,1.2,0,1.2,1.23633898,424
Bruno Fernando,C,6,2,0.2,0,0,0,0,1,1.2,0.5,0.6,1.228742774,425
Rayjon Tucker,SG,3.7,3.3,0.1,0,0,0,0.2,1.3,1.3,0.393939394,0.393939394,1.212069569,426
Jared Butler,SG,1,5,1,0,0,0,0,0,1.2,0,0.24,1.211935609,427
Yogi Ferrell,PG,9,1.7,0.3,0.3,0,0,0,0.4,1.2,0.235294118,0.705882353,1.209369948,428
Miles McBride,PG,8,2.5,0.3,0.1,0,0.1,0,0.4,1.2,0.16,0.48,1.208065974,429
Nikola Jović,PF,7,1.9,0.7,0,0,0,0,0.3,1.1,0.157894737,0.578947368,1.141364603,430
Malik Fitts,PF,9,1.8,0.2,0,0,0,0,0.9,1.1,0.5,0.611111111,1.123873461,431
Keljin Blevins,SF,2,2,0,0,0,0,0,1,1,0.5,0.5,0.992104524,432
Trent Forrest,PG,4,2.5,0,0,0,0,0,1,1,0.4,0.4,0.991455051,433
David Duke Jr.,SG,1,5,0,0,0,0,1,2,1,0.4,0.2,0.987337334,434
Isaiah Joe,SG,5.5,2.2,0.2,0.2,0,0,0.2,0.6,0.8,0.272727273,0.363636364,0.931480809,435
Kessler Edwards,SF,4,2.4,0.1,0.2,0.2,0,0.2,0,1,0,0.416666667,0.820482204,436
Frank Mason III,PG,2,1,0,0.5,0,0,0,0,0.8,0,0.8,0.774006037,437
Chimezie Metu,PF,3,2,0.3,0,0,0,0.3,0.7,0.8,0.35,0.4,0.75135804,438
Kyle O'Quinn,C,1,6,1,1,0,0,2,0,0.7,0,0.116666667,0.695065031,439
Svi Mykhailiuk,SF,3,1.7,0.3,0,0,0,0,0.3,0.7,0.176470588,0.411764706,0.661580991,440
Jared Dudley,PF,5.5,3,0.1,0,0.2,0,0.1,0,0.8,0,0.266666667,0.614739097,441
Udonis Haslem,C,2,1.5,0.5,0,0,0,0,0,0.6,0,0.4,0.610384475,442
Alfonzo McKinnie,SF,2,6,0.5,0,0,0,0,0,0.6,0,0.1,0.608182393,443
Armoni Brooks,PG,4,2,0.5,0,0,0,0,0,0.6,0,0.3,0.604820143,444
Harry Giles,C,1,4,3,0,0,0,3,0,0.6,0,0.15,0.58032279,445
Justin Champagnie,SF,4,2.5,0,0,0,0,0,0.5,0.5,0.2,0.2,0.494044189,446
Anthony Gill,PF,4,8.3,1,0,0,0,0.8,0,0.4,0,0.048192771,0.400020295,447
Jay Scrubb,SG,6,1.3,0.2,0,0,0,0,0,0.2,0,0.153846154,0.236173484,448
Andre Roberson,SF,1,3,0,0,0,0,0,0,0,0,0,0.002209868,449
Noah Vonleh,C,1,3,0,0,0,0,0,0,0,0,0,0.002209868,449
KZ Okpala,PF,2,3,0,0,0,0,0,0,0,0,0,0.000629173,451
Anthony Tolliver,PF,1,2,0,0,0,0,0,0,0,0,0,0.000540954,452
Deonte Burton,SF,1,2,0,0,0,0,0,0,0,0,0,0.000540954,452
DaQuan Jeffries,SG,2,2.5,0,0,0,0,0,0,0,0,0,-0.000205284,454
Jason Preston,PG,1,1,0,0,0,0,0,0,0,0,0,-0.00112796,455
Joakim Noah,C,2,1,0,0,0,0,0,0,0,0,0,-0.002708655,456
Thomas Bryant,C,1,0,0,0,0,0,0,0,0,0,0,-0.002796875,457
Tyson Chandler,C,1,0,0,0,0,0,0,0,0,0,0,-0.002796875,457
Wendell Moore Jr.,SG,1,2,0,0,0,0,1,0,-1,0,-0.5,-1.023734892,459
Brandon Boston Jr.,SF,1,1,0,0,0,0,1,0,-1,0,-1,-1.0415908,460
